source,kept_source,kind,similarity,sha256
sector_tic_2023,sector_tic_2023,exact,1.000,35491554b88f01586a807c667909e0098627b45d4a12b36b23d068af0b3ae477
proveeduria_automotriz_2024,proveeduria_automotriz_2024,exact,1.000,2323c484f06cd1ea6ba8c327b43630305c5205c123b0fd048f89ed49735203a4
proveeduria_automotriz_2024,proveeduria_automotriz_2024,exact,1.000,2323c484f06cd1ea6ba8c327b43630305c5205c123b0fd048f89ed49735203a4
proveeduria_automotriz_2024,proveeduria_automotriz_2024,exact,1.000,2323c484f06cd1ea6ba8c327b43630305c5205c123b0fd048f89ed49735203a4
proveeduria_automotriz_2024,proveeduria_automotriz_2024,exact,1.000,2323c484f06cd1ea6ba8c327b43630305c5205c123b0fd048f89ed49735203a4
proveeduria_automotriz_2024,proveeduria_automotriz_2024,exact,1.000,2323c484f06cd1ea6ba8c327b43630305c5205c123b0fd048f89ed49735203a4
proveeduria_automotriz_2024,proveeduria_automotriz_2024,exact,1.000,2323c484f06cd1ea6ba8c327b43630305c5205c123b0fd048f89ed49735203a4
proveeduria_automotriz_2024,proveeduria_automotriz_2024,exact,1.000,2323c484f06cd1ea6ba8c327b43630305c5205c123b0fd048f89ed49735203a4
boletin_economico_2025,boletin_economico_2025,exact,1.000,da1db0843c2964c37edae6256baa4de9163aaf3637d98272d8c6c24d02b02ccc
boletin_economico_2025,boletin_economico_2025,exact,1.000,0c9b4fec08c365017131574eecd2a44e3d75796aff01b8abe688611672d2e511
boletin_economico_2025,boletin_economico_2025,exact,1.000,818bb30297a5b39f61e8576094213b1303def06dc67b0ccd06184f7442d6610d
boletin_economico_2025,boletin_economico_2025,exact,1.000,0c9b4fec08c365017131574eecd2a44e3d75796aff01b8abe688611672d2e511
boletin_economico_2025,boletin_economico_2025,exact,1.000,818bb30297a5b39f61e8576094213b1303def06dc67b0ccd06184f7442d6610d
boletin_economico_2025,boletin_economico_2025,exact,1.000,55906e035526f6dc115051c5a26787c8a55039ca4a3772843e091b3037b84204
boletin_economico_2025,boletin_economico_2025,exact,1.000,99f0d227c588285dbc7f9ce23af6f4a9a6afd38d2b8c43e5a0a4465ef62320de
boletin_economico_2025,boletin_economico_2025,exact,1.000,99f0d227c588285dbc7f9ce23af6f4a9a6afd38d2b8c43e5a0a4465ef62320de
boletin_economico_2025,boletin_economico_2025,exact,1.000,b2108db5f90ba1164275a35073acd0cf0dbb56a309776e56504f9179af35137a
inclusion_financiera_2024,sector_tic_2023,exact,1.000,2ad5789523375b4f4e34b590543ded150b29f81a2961a9ad33f60c0c11f6bf82
ordenamientos_2024,ordenamientos_2024,exact,1.000,a30d05242a8cb1608d07abc7f9ae78957ecd552b5b99ceefee7be7a9b629d4a5
puerto_vallarta_2025,guadalajara_2025,near,0.995,5a84090796ac5583c2266f1dc277332f819e7384e5e04083682fa436072a4694
puerto_vallarta_2025,guadalajara_2025,near,0.991,4e90924021089f2e8ea0bd8a025a7efaab991bc099e8a1e851bed2207443c893
puerto_vallarta_2025,guadalajara_2025,near,0.959,2de0d2c4286b32d74431ab9172cc675c921a77faa29180cada9ebd4163847f2b
puerto_vallarta_2025,guadalajara_2025,near,0.972,1cde6e8f1c2404f8d44184f3ae27a6edf0fa83e9dfddf83efb852af0cc4c0454
puerto_vallarta_2025,guadalajara_2025,near,0.983,b185e052bd3ee13abec714b72dd1f28da6d2ccaba2d19e0237b569d1cff2b126
puerto_vallarta_2025,guadalajara_2025,near,0.997,7e58b3da82562e6b890993c99011052198861936afabb7313a43a81ca702739f
puerto_vallarta_2025,guadalajara_2025,near,0.998,dcb3bcac03b782db98a55d510a4cf3c8b658d489e4db37bc3e553c5266c8af86
puerto_vallarta_2025,guadalajara_2025,near,0.971,8a47ad1aa4bc8abf60841f06d60360ec7f337143404772f7f5442aed3b42ec12
puerto_vallarta_2025,guadalajara_2025,exact,1.000,d721a09863ad7418a0f5562b200ae984ae1133f0546b192e84ffd6422a945c5b
puerto_vallarta_2025,guadalajara_2025,near,0.969,5d748e554ad710599c184188a9316b826c6c245465b0ba6c3ae68744a92d6c95
puerto_vallarta_2025,guadalajara_2025,exact,1.000,09a135f41d1253f7e3f7f0197f78075d39be6e1c8238179ae7c812ebc8cdc582
puerto_vallarta_2025,guadalajara_2025,exact,1.000,dd9cf2034d9386f45b846b3f0a0e6340008c7bb8c7c28f856ada0062635bee14
puerto_vallarta_2025,guadalajara_2025,exact,1.000,7fc85c9c4e744102b0d0a47d11da8bcc298dd52f56490ec02216d786264d59b5
puerto_vallarta_2025,guadalajara_2025,near,0.996,e169bea10986e1af625ef4b708fb6df9d9cb9627c63401a4f22e54924063c6bc
puerto_vallarta_2025,guadalajara_2025,near,0.946,d53558de468eb1c928c102ed2b2fb4646a88fef12ddd14f00a65e4f0ff1c4de7
puerto_vallarta_2025,guadalajara_2025,near,0.946,8e73abbaab083768c8a84c8776f817fbd7c211b9d241d1f0a4602d9082076b4b
puerto_vallarta_2025,guadalajara_2025,near,0.974,57f9f15a7f89f2ceb2fec036439478cbd4797c4d9751e69514380e84304e54c6
puerto_vallarta_2025,guadalajara_2025,exact,1.000,b670b4461e1e3a7c7707b0f17fb346d57ef46ef0ffb1f25ac5370331dc9b7d9c
puerto_vallarta_2025,guadalajara_2025,near,0.970,7222e352b805f57641cc6d7d85206826ca2c115f2b2a5dbfa67946b688ed5066
puerto_vallarta_2025,guadalajara_2025,near,0.959,b89dfb2fbb045da4c4438806776b9c1d89e11a3d365dd78ed07538dd377887ac
puerto_vallarta_2025,guadalajara_2025,exact,1.000,8c6fdef271a065687a94e274f7fd22a78f46621809256e217068664cffa87f38
puerto_vallarta_2025,guadalajara_2025,near,0.966,d7be05e9057f41ed04b5577fd232c19a0a985dd3b6bcf129e257bd61efcaf3ae
puerto_vallarta_2025,guadalajara_2025,exact,1.000,432e3696cc1a4f0fa9e0b98257590c8ae02a96da2b85086420cc711974a9d04a
puerto_vallarta_2025,guadalajara_2025,exact,1.000,255bcd2389f32690a1237af4018ca7c88ff683064d9768235925d0d101d01a73
puerto_vallarta_2025,guadalajara_2025,exact,1.000,49992cd33210b0168c4d2f9a1b27e04914205e300a680fb28f97460b40d3b3fd
puerto_vallarta_2025,guadalajara_2025,exact,1.000,24d31b8f60ec2754a153ab4a0a3d5390873f37cfaf4bc71c4648a99eadcb058b
puerto_vallarta_2025,guadalajara_2025,near,0.998,37758cbc67ee54d0d3086967aefa807f7d5c16ca9bd598d59cdafe609e7162d1
puerto_vallarta_2025,guadalajara_2025,exact,1.000,2d02afef88f3963511781fd075703c1e22ebab44c7723b6146ed38a4fef95920
puerto_vallarta_2025,guadalajara_2025,near,0.976,9293ba5fa4dfa7cac450875548eeca0e676acc14e50907551e7aacfcd0413ce4
mezquitic_2025,guadalajara_2025,near,0.987,4494ee7531abaaff9fc6ccdd7ac833d76b3ca9ca8eaa66e76ab5257f7c4b9560
mezquitic_2025,puerto_vallarta_2025,near,0.949,15808c659ac787d04fe80ef5d20dec475522f81e6ace883f701dbde82dcb2680
mezquitic_2025,guadalajara_2025,near,0.970,372dc8b591dddac274296b385b5968a8e3bde940a7dd1d7e912cb2919d4c0ff4
mezquitic_2025,puerto_vallarta_2025,near,0.976,b08e83ede961d7c475d7aa937d855b03120eb10ce5e5f4ddb39de3d945ef5159
mezquitic_2025,guadalajara_2025,near,0.945,b77bac03f4029ee731b249869037b7ee7a7b75a1545717bc7ef1b0f7f8cf8907
mezquitic_2025,guadalajara_2025,near,0.983,77464ac856627b29a8909587f1287c9c13439cbb5ed215df45860401076c94d3
mezquitic_2025,guadalajara_2025,near,0.966,122673071d7faaa42983530769022a0da996a5e519be87e82a8ddef51230285a
mezquitic_2025,puerto_vallarta_2025,near,0.941,696dcf2d7c0f481d29f14410dffba3c08f3cfc073fcac592a4aa2cf13c5a6d5b
mezquitic_2025,puerto_vallarta_2025,near,0.970,55d0e68090efadb3b029649d8e221acf0c4c9e0cfb838fb8915d2e0786e55dee
mezquitic_2025,puerto_vallarta_2025,near,0.964,369001a935bf28f365acecc8aff07e9bad714c04d0e6d4e6e1e65e6d5cacaa65
mezquitic_2025,guadalajara_2025,near,0.942,2a853ea253712db0b70aabc31cbfeecc93cc743dc9008ba194b1f719d67e8ede
mezquitic_2025,guadalajara_2025,near,0.998,2d0b88409291d65db6b3b69251fac5182b3670e85a23d2e68b77ef9f0efac708
mezquitic_2025,guadalajara_2025,near,0.964,bd1748774b98e11d087cdb9da1afff9b60db57185f4fda5c08baba0932c07bc3
mezquitic_2025,guadalajara_2025,exact,1.000,d721a09863ad7418a0f5562b200ae984ae1133f0546b192e84ffd6422a945c5b
mezquitic_2025,guadalajara_2025,near,0.954,9b40107ad47a7aa1196a3a7a1e9159baf8bd96ff75ec31048a849a0aa8305b4b
mezquitic_2025,guadalajara_2025,exact,1.000,09a135f41d1253f7e3f7f0197f78075d39be6e1c8238179ae7c812ebc8cdc582
mezquitic_2025,guadalajara_2025,exact,1.000,dd9cf2034d9386f45b846b3f0a0e6340008c7bb8c7c28f856ada0062635bee14
mezquitic_2025,guadalajara_2025,exact,1.000,7fc85c9c4e744102b0d0a47d11da8bcc298dd52f56490ec02216d786264d59b5
mezquitic_2025,guadalajara_2025,exact,1.000,b670b4461e1e3a7c7707b0f17fb346d57ef46ef0ffb1f25ac5370331dc9b7d9c
mezquitic_2025,guadalajara_2025,near,0.956,b6497f25d3a7da8ea12939b3dee091b95503f89a7583109fbdc7c72476a0ecca
mezquitic_2025,guadalajara_2025,near,0.941,3e25a6249e35650a19389b70da53dc975a7255a09ec0394a3b7751f2c4f28e54
mezquitic_2025,guadalajara_2025,near,0.941,38d388fe1a6ac531b6120c9ea601a3d6693077c7444d75706e4596d61419168f
mezquitic_2025,guadalajara_2025,near,0.956,46dab76557e93b20a91ef50f0c39c40eafacda5f7e940b8c42fb349d6c82d312
mezquitic_2025,guadalajara_2025,exact,1.000,432e3696cc1a4f0fa9e0b98257590c8ae02a96da2b85086420cc711974a9d04a
mezquitic_2025,guadalajara_2025,near,0.945,f0a31999353e94b768c00dfe579f5317c7ac7a7b8077a4c803d0ac6fc452ef6d
mezquitic_2025,guadalajara_2025,exact,1.000,24d31b8f60ec2754a153ab4a0a3d5390873f37cfaf4bc71c4648a99eadcb058b
mezquitic_2025,guadalajara_2025,exact,1.000,bc5b0a319470bb5a8ec4769dec9e480043f4dc8a77f65a22adb6258dbf32a2df
mezquitic_2025,guadalajara_2025,exact,1.000,2d02afef88f3963511781fd075703c1e22ebab44c7723b6146ed38a4fef95920
mezquitic_2025,puerto_vallarta_2025,near,0.995,614ae264231cea14d2908ed0c6e3e8cd5b7debde94bd93bbecaf4f751f3be7a7
lagos_de_moreno_2025,guadalajara_2025,near,0.997,48d8f56d2ed59077e998755392fc4885e0ef3522037b6db0a7d16ddc9e62818b
lagos_de_moreno_2025,puerto_vallarta_2025,near,0.979,697e13b9c5187bcf730a76ebe1200cf0a6477c1983381d9b00a67bd7071a5e0b
lagos_de_moreno_2025,guadalajara_2025,near,0.943,6787ecbf0f06083d158ea27153de01e1cc60049eb5f5fe933cfec30f7fb3cd5d
lagos_de_moreno_2025,guadalajara_2025,near,0.966,aae5a3c2ad989e383f6c4e65ad1b51940802da91deeb3f446ac71b98523beaea
lagos_de_moreno_2025,guadalajara_2025,near,0.972,e4f7a65c5230beb58e75a2af7999fbfcca34ad910cbac9f48070e2e48b6e6fd4
lagos_de_moreno_2025,puerto_vallarta_2025,near,0.967,b7c0d4ee65879ea697e6c4aeb8df99eb9da66e4baa8ee863a4ebf4b466e39cf3
lagos_de_moreno_2025,puerto_vallarta_2025,near,0.967,2f4ee64c18ae6ab11a8bcab163f2ddc6766e0ce89ac6d6912221e330207edea3
lagos_de_moreno_2025,guadalajara_2025,near,0.990,376b35617aecaa7caa622c56146e3150e3e62ffced6263d15609fa78038f86af
lagos_de_moreno_2025,guadalajara_2025,exact,1.000,773b81d45fc5a4ca57a8267d2c0d1b248cfaeed624a2816cd62e52ed4ea05236
lagos_de_moreno_2025,guadalajara_2025,near,0.961,16f468001e879b275d0cfe7395e19ab1c4bfeb07bbcbbbf076fdc9032e556cca
lagos_de_moreno_2025,guadalajara_2025,exact,1.000,d721a09863ad7418a0f5562b200ae984ae1133f0546b192e84ffd6422a945c5b
lagos_de_moreno_2025,guadalajara_2025,near,0.940,2bf14bb5e03da5ed829fa559ed39a145c6734bc6d7db1069f539655c9351194a
lagos_de_moreno_2025,guadalajara_2025,near,0.982,31b04a180e94ffb46196845813153ed09e36d78fea7c30676f8a6170628cc1af
lagos_de_moreno_2025,guadalajara_2025,exact,1.000,dd9cf2034d9386f45b846b3f0a0e6340008c7bb8c7c28f856ada0062635bee14
lagos_de_moreno_2025,guadalajara_2025,exact,1.000,7fc85c9c4e744102b0d0a47d11da8bcc298dd52f56490ec02216d786264d59b5
lagos_de_moreno_2025,guadalajara_2025,exact,1.000,ae976287fdead1d6a69f37c4ccb1c5c9b03037c450cb26709394bf34a467cb41
lagos_de_moreno_2025,guadalajara_2025,near,0.986,9581aee401419e2de539922f7edf19f13a586a60cb9fc645a43229318f532ab7
lagos_de_moreno_2025,guadalajara_2025,near,0.962,51053dbca7c37e45731f3e78c36e43dd28d8aa7089e230069f8416bbdec24e78
lagos_de_moreno_2025,guadalajara_2025,exact,1.000,8c6fdef271a065687a94e274f7fd22a78f46621809256e217068664cffa87f38
lagos_de_moreno_2025,guadalajara_2025,near,0.964,085bf0cf9aaece425427bc03a4a724fa3a521c5d03d10f08a3fa5ee376919a91
lagos_de_moreno_2025,guadalajara_2025,exact,1.000,432e3696cc1a4f0fa9e0b98257590c8ae02a96da2b85086420cc711974a9d04a
lagos_de_moreno_2025,guadalajara_2025,near,0.974,8bdc4f0f41473e5bd944f133ec026180c159bbbf83265e7f8adaa6da9bb05fd0
lagos_de_moreno_2025,guadalajara_2025,exact,1.000,49992cd33210b0168c4d2f9a1b27e04914205e300a680fb28f97460b40d3b3fd
lagos_de_moreno_2025,guadalajara_2025,exact,1.000,24d31b8f60ec2754a153ab4a0a3d5390873f37cfaf4bc71c4648a99eadcb058b
lagos_de_moreno_2025,guadalajara_2025,near,0.998,1c9a7af65f1bea4fa25eddb2d6c24b684ddfa23ebc5ec9f6a3edc03cf3686a8f
lagos_de_moreno_2025,guadalajara_2025,exact,1.000,2d02afef88f3963511781fd075703c1e22ebab44c7723b6146ed38a4fef95920
lagos_de_moreno_2025,lagos_de_moreno_2025,exact,1.000,c8be61be9ccb20c4a8fc77b5b59795dd779db3a24c0b78a373b97de9cd4fed43
lagos_de_moreno_2025,guadalajara_2025,near,0.971,ef2f57c584d9f9dfd8ad0a7831d3eaf9459b020f5c9b5efaa3affc7ea9e8d780
lagos_de_moreno_2025,puerto_vallarta_2025,near,0.995,bcebb8b6662a26ff13a3eda7916de0c475ed0698a25313a1c60aca1db2b65551
analisismunicipios2024_c20bf1a3,municipiosopt_cd161aef,near,0.958,e7ab9daa03af17561360d23da4c27ae5ab6580031bca6f0361cd3fff501f83dd
analisismunicipios2024_c20bf1a3,municipiosopt_cd161aef,exact,1.000,19e7e73ea58b5be32d479b8a229f69ded7eef5af1bafe5a70956c456b7fd2f97
analisismunicipios2024_c20bf1a3,municipiosopt_cd161aef,near,0.945,d13fe33295c48383eb71fd9216266bb9da4f8e6ec79f9347f7d835e6ba679397
analisismunicipios2024_c20bf1a3,municipiosopt_cd161aef,near,0.947,f98e40e52c6df99effb3f6bd9d56ef78cc8c85290e990d2d21b6004613b1ab9a
analisismunicipios2024_c20bf1a3,municipiosopt_cd161aef,near,0.951,d90d84fc7c354e46f6cb5d312eaf993679e89c00695f6b7a62a6f9a336450fcc
analisismunicipios2024_c20bf1a3,municipiosopt_cd161aef,near,0.941,3e526bc1b18ef3f3dc8dc44ea2f15d2a5a79927cbf6ca990bd58d4ee7b7c79f8
presentacion_afiliacionpolitica2023_d3c4db2e,reporte_afiliadospartidospoliticos_6d1f7615,near,0.956,655984cf5741b1ad685d1e98189d691cf632a09cec7846680ab5ff49c0925274
presentacion_afiliacionpolitica2023_d3c4db2e,reporte_afiliadospartidospoliticos_6d1f7615,near,0.948,14d985b6bd73ec1f968ab3e86bc55fe6277ebcd9d39c8f01f629292c878fc474
diaprevencionembarazoadolescente2023_2f6aa054,diaprevencionembarazoadolescente2024_25a01817,near,0.996,edd2737edcc3b2ff16b9aa8b96b75d4879ba96a0ed51c08e2bcfa2f8e05df207
diaprevencionembarazoadolescente2023_2f6aa054,diaprevencionembarazoadolescente2024_25a01817,near,0.974,c745ada98e3cbdd546d3ab795ba20b8ba1c261dba09932bfbe8a3fb4b21b699a
diaprevencionembarazoadolescente2023_2f6aa054,diaprevencionembarazoadolescente2024_25a01817,near,0.989,3bff6a04c8a1bbcb756c21b0c52b42fa6de8bb2c471e0f84df2d6038a42e644b
diaprevencionembarazoadolescente2023_2f6aa054,diaprevencionembarazoadolescente2024_25a01817,near,0.985,a2cf235cc3c5c6ea851e29ffeae264646f8f2093f094f9ac84ae8ba6eb4168a9
resultados_encuestaautonomiaescolar_52e44dc8,trayectorias_docentes_2024,near,0.961,01875e6119dbab7dabaa52b6cdd8c379f02a9121049ff826df9b1dd35fbab6b6
diadelastelecomunicaciones_a5505670,diadelastelecomunicaciones_a5505670,exact,1.000,9472a7d6de42a5b35182703abc89fa38d59a0a0eaacefe5e98c0f45ca87adcb0
boletin_economico_iieg_octubre_2025_f674bc71,boletin_economico_2025,exact,1.000,82eff24aab26ba95a1902454c8177a77db58b661fdb26d6923d48ddf164bdac6
boletin_economico_iieg_octubre_2025_f674bc71,boletin_economico_2025,exact,1.000,cc9d6027eacf6f0a083c090962a6c309fd227cc97f124aa5fa5feeeab4528097
boletin_economico_iieg_octubre_2025_f674bc71,boletin_economico_2025,near,0.984,6f047f33314e0f0cc1a2071e619beccc552a97c8eb01a12ad73243c10a9560ac
boletin_economico_iieg_octubre_2025_f674bc71,boletin_economico_2025,exact,1.000,3a00dac54e9a15cbec541c668702c22cf76463462c6a7815033c76d5c0832d4d
boletin_economico_iieg_octubre_2025_f674bc71,boletin_economico_2025,near,0.968,8f7a766326ae0e7c5e38f2dfb9a58803401da70a231c682f9ad23a7bb0a900c4
boletin_economico_iieg_octubre_2025_f674bc71,boletin_economico_2025,near,0.978,3bb442f1dc630eba37e4914ab41e49a4fded4d146c6105a469e817608f59f596
boletin_economico_iieg_octubre_2025_f674bc71,boletin_economico_2025,exact,1.000,eea153205aacc4d79dda862bf917df3d5997001ce65417baadeb38eff1da0d99
boletin_economico_iieg_octubre_2025_f674bc71,boletin_economico_2025,near,0.964,cb93e2ce36669d303efc4b1b2238920134dba68cb27875d196e10372f4b3aefb
boletin_economico_iieg_octubre_2025_f674bc71,boletin_economico_2025,near,0.965,b84e6144d28b3aa96961f565dabc7e483fb966bd1ee9d9998825c8c3898df44f
boletin_economico_iieg_octubre_2025_f674bc71,boletin_economico_2025,exact,1.000,12836bedc8a720c4b8f6f1b4df1ea01799fde2d6e14e058771390ca16aaf9597
boletin_economico_iieg_octubre_2025_f674bc71,boletin_economico_2025,near,0.943,07d112715a6a6abfe05073814283980c5010683d15cf40cd04673375bd2ef2ce
boletin_economico_iieg_octubre_2025_f674bc71,boletin_economico_2025,near,0.961,73d6490dfa6c51e33edbcaa1eb1f93bd49ae25efd50d39fa8dee70a4b9cf1a3b
boletin_economico_iieg_octubre_2025_f674bc71,boletin_economico_2025,near,0.960,754ebb557889bbede5aed36532b70cef8b32b5ecc98a008437d55729a1827ed2
boletin_economico_iieg_octubre_2025_f674bc71,boletin_economico_2025,near,0.950,fa53911106ddd65d9855a8a40e0678e2eb4769a2497c65397a7aa37accd1b215
boletin_economico_iieg_octubre_2025_f674bc71,boletin_economico_2025,near,0.964,694a34e9808006335bef1a6986854f477dbaee1627308198b95c1e7c39443694
boletin_economico_iieg_octubre_2025_f674bc71,boletin_economico_2025,near,0.951,30776ef9aa47a5f3d31861e6280e5e2aeb3d51d6071aed26be9861b37ba7685c
boletin_economico_iieg_octubre_2025_f674bc71,boletin_economico_2025,near,0.945,1549001e114079656b51aef235a249575fb60b8dbdd0847e748173c6e43d5a91
boletin_economico_iieg_octubre_2025_f674bc71,boletin_economico_2025,near,0.967,3f3251cdf219e9b608fba6890fd9a21849e013bc55ccb116c75060767b5e8997
boletin_economico_iieg_octubre_2025_f674bc71,boletin_economico_2025,near,0.940,26b3cdc22cee771a09eac51f3146c116e4d7296b022178b0cdd9776d72f4265b
boletin_economico_iieg_octubre_2025_f674bc71,boletin_economico_2025,near,0.966,845af650550072b2f7c530a9f84e9efe766cb362bb7386e381e977e8631fa75f
boletin_economico_iieg_octubre_2025_f674bc71,boletin_economico_2025,exact,1.000,0c9b4fec08c365017131574eecd2a44e3d75796aff01b8abe688611672d2e511
boletin_economico_iieg_octubre_2025_f674bc71,boletin_economico_2025,near,0.950,e88b8771effc729c60836691da5bbed7e6485321c1b5db2b19f5c58364643d1e
boletin_economico_iieg_octubre_2025_f674bc71,boletin_economico_2025,exact,1.000,818bb30297a5b39f61e8576094213b1303def06dc67b0ccd06184f7442d6610d
boletin_economico_iieg_octubre_2025_f674bc71,boletin_economico_2025,near,0.945,8bf8b7ea8f60f1fa385adf4a633a126245b760398de3a098a0df0325518c949e
boletin_economico_iieg_octubre_2025_f674bc71,boletin_economico_2025,near,0.944,620072e408f9c46d313c16a5088f520e5f368056490739ae64e1351fe51caf54
boletin_economico_iieg_octubre_2025_f674bc71,boletin_economico_2025,near,0.942,f26b61bd832808acceaf9db1c390487d19e28e06888cf34553889174c408c366
boletin_economico_iieg_octubre_2025_f674bc71,boletin_economico_2025,exact,1.000,c2bf14523e481a426288d63d97ced7148b6fa45dca9ddb05f04454d399443e7f
boletin_economico_iieg_octubre_2025_f674bc71,boletin_economico_2025,near,0.944,033499ba8df02fd02b99b3c851fafd846507a963b4c02c66b26a9c74cb5a3dd8
boletin_economico_iieg_octubre_2025_f674bc71,boletin_economico_2025,exact,1.000,0c9b4fec08c365017131574eecd2a44e3d75796aff01b8abe688611672d2e511
boletin_economico_iieg_octubre_2025_f674bc71,boletin_economico_2025,exact,1.000,818bb30297a5b39f61e8576094213b1303def06dc67b0ccd06184f7442d6610d
boletin_economico_iieg_octubre_2025_f674bc71,boletin_economico_2025,exact,1.000,0c9b4fec08c365017131574eecd2a44e3d75796aff01b8abe688611672d2e511
boletin_economico_iieg_octubre_2025_f674bc71,boletin_economico_2025,near,0.948,50bb1da323ec225c62c0533cb0dedfcc96121fe17f3e5f957f5acb7b5f204877
boletin_economico_iieg_octubre_2025_f674bc71,boletin_economico_2025,exact,1.000,818bb30297a5b39f61e8576094213b1303def06dc67b0ccd06184f7442d6610d
boletin_economico_iieg_octubre_2025_f674bc71,boletin_economico_2025,exact,1.000,a78dc44e20f602c0d6896819036079cc8c970b8b776410768f74f52e4ecd8458
boletin_economico_iieg_octubre_2025_f674bc71,boletin_economico_2025,exact,1.000,c1822c5f07e9e93933d0e5d43ab5d6a1906dac7bcc6e56f1f2dbc3631c86e615
boletin_economico_iieg_octubre_2025_f674bc71,boletin_economico_2025,exact,1.000,e1a2b992de0be46c65304cec5d49db8f51b92a3e20b55d4615aa83ff547ea3c6
boletin_economico_iieg_octubre_2025_f674bc71,boletin_economico_2025,exact,1.000,d613ef2957ecea87747cbe204cd29f51313951e0c911250b31242a3446a096a5
boletin_economico_iieg_octubre_2025_f674bc71,boletin_economico_2025,exact,1.000,5d919ee62a0d24d75a1ac56b7aa0359b2690cb3958a2491592929ff675da03f2
boletin_economico_iieg_octubre_2025_f674bc71,boletin_economico_2025,exact,1.000,12b0c65ed13a611edf67fffaeb411e1d5b7494ba6a738a7e79c1454b66ae133e
boletin_economico_iieg_octubre_2025_f674bc71,boletin_economico_iieg_octubre_2025_f674bc71,exact,1.000,a777517c9d0e01b761e5755ad971b34abaea8ef924b2fbfedb219ec299fc6faf
boletin_economico_iieg_octubre_2025_f674bc71,boletin_economico_2025,exact,1.000,5d919ee62a0d24d75a1ac56b7aa0359b2690cb3958a2491592929ff675da03f2
boletin_economico_iieg_octubre_2025_f674bc71,boletin_economico_iieg_octubre_2025_f674bc71,exact,1.000,cfa28d00514885575e9b9f6ca8a8cbf1e79a4f20802bfa4ef7fd5a4d78124a75
boletin_economico_iieg_octubre_2025_f674bc71,boletin_economico_2025,exact,1.000,12b0c65ed13a611edf67fffaeb411e1d5b7494ba6a738a7e79c1454b66ae133e
boletin_economico_iieg_octubre_2025_f674bc71,boletin_economico_iieg_octubre_2025_f674bc71,exact,1.000,520c7bbc29fef09de3d88c0f44d700ca0f12d31ace701eb98f2e894247e1e5fc
boletin_economico_iieg_octubre_2025_f674bc71,boletin_economico_iieg_octubre_2025_f674bc71,exact,1.000,ee516318953529bd8cd300616c888c5d86ca199d339fb4b98c572aaafb78d0b6
boletin_economico_iieg_octubre_2025_f674bc71,boletin_economico_2025,exact,1.000,494045e121d13299080638440b1563785114ebc5979931a95be1cc25ccefcfc9
boletin_economico_iieg_octubre_2025_f674bc71,boletin_economico_2025,near,0.973,073df17ec024d517d5e29b7e6c8d81230b2425ada6da87be49f6016e684c57dc
boletin_economico_iieg_octubre_2025_f674bc71,boletin_economico_2025,near,0.963,a3d5da5d22379b825e93416972f13f866b3ba4bb47c1051c5c944a3669eff6e8
boletin_economico_iieg_octubre_2025_f674bc71,boletin_economico_2025,exact,1.000,55906e035526f6dc115051c5a26787c8a55039ca4a3772843e091b3037b84204
boletin_economico_iieg_octubre_2025_f674bc71,boletin_economico_2025,near,0.943,2061885d91f69656ffdcb74083bb5500d5e2610f7c29979dddcc97c651aeaf22
boletin_economico_iieg_octubre_2025_f674bc71,boletin_economico_2025,exact,1.000,55906e035526f6dc115051c5a26787c8a55039ca4a3772843e091b3037b84204
boletin_economico_iieg_octubre_2025_f674bc71,boletin_economico_2025,near,0.948,3832c9a48c71e56e584136d956914c0553f21f55424221de0d4aeeae40b9ed89
boletin_economico_iieg_octubre_2025_f674bc71,boletin_economico_2025,exact,1.000,de765b29d432a9f2aed550c3781c4feb0d454d7b37ea220f87d1069b85b4574a
boletin_economico_iieg_octubre_2025_f674bc71,boletin_economico_2025,exact,1.000,9ba7f55d716ccb559e0ea348d9b5c1ce815511ef8729ad74002843028801eb9d
boletin_economico_iieg_octubre_2025_f674bc71,boletin_economico_2025,exact,1.000,e18ec0f9b8e5b33245ee284e01f06dfd9eb2103f7318741cd72a13783afd0dcc
boletin_economico_iieg_octubre_2025_f674bc71,boletin_economico_2025,exact,1.000,99f0d227c588285dbc7f9ce23af6f4a9a6afd38d2b8c43e5a0a4465ef62320de
boletin_economico_iieg_octubre_2025_f674bc71,boletin_economico_2025,exact,1.000,99f0d227c588285dbc7f9ce23af6f4a9a6afd38d2b8c43e5a0a4465ef62320de
boletin_economico_iieg_octubre_2025_f674bc71,boletin_economico_2025,near,0.993,eb187edfd1bf9c2f6ca9cf1b0c84330728447d3634e7cb166a9e6bfe10b54556
boletin_economico_iieg_octubre_2025_f674bc71,boletin_economico_2025,exact,1.000,70105cbbf6bc3a9226d86cd7ddd0b9927731e4595976c90b7e77e942e3254a8b
boletin_economico_iieg_octubre_2025_f674bc71,boletin_economico_2025,exact,1.000,99f0d227c588285dbc7f9ce23af6f4a9a6afd38d2b8c43e5a0a4465ef62320de
boletin_economico_iieg_octubre_2025_f674bc71,boletin_economico_2025,near,0.995,d18f17c0be975316906c0d2874df08aac290c90dae17960cd5ba092ff0fa8ff5
boletin_economico_iieg_octubre_2025_f674bc71,boletin_economico_2025,near,0.992,d7be084ac953a0035ce60dd3dcc780705bdf96f2ff0cfd853d0b81956e78d87b
boletin_economico_iieg_octubre_2025_f674bc71,boletin_economico_2025,near,0.941,df96f69f083faffc4dd97740abb875872bb0e11bcfb05746fbc6a5841c5926f9
boletin_economico_iieg_octubre_2025_f674bc71,boletin_economico_2025,near,0.988,4e56ee60a65d0c4b745cd1e92fd27fc8f15b308c91bea93dacd2f70a0006dfcb
boletin_economico_iieg_octubre_2025_f674bc71,boletin_economico_2025,exact,1.000,9caab9cb2828cb89a04bfdc2b9ceb3ca2f2d5a67e8a69eeb4e0678cf65d9039e
boletin_economico_iieg_octubre_2025_f674bc71,boletin_economico_2025,exact,1.000,9caab9cb2828cb89a04bfdc2b9ceb3ca2f2d5a67e8a69eeb4e0678cf65d9039e
boletin_economico_iieg_octubre_2025_f674bc71,boletin_economico_2025,near,0.966,4dbe5f60873e44270ac4108446539b1a5344b2f71652df76038df3b257a579ac
boletin_economico_iieg_octubre_2025_f674bc71,boletin_economico_2025,near,0.973,b71135a017cd8ad50a3f6b7eff7c033d30ff23191f8a6301080c396dea8a691d
boletin_economico_iieg_octubre_2025_f674bc71,boletin_economico_2025,near,0.949,5b225f9cc4d508c3d11bc1ca71e385205d003aabdfe7001e60ec1fae5ff4a01a
boletin_economico_iieg_octubre_2025_f674bc71,boletin_economico_2025,exact,1.000,9caab9cb2828cb89a04bfdc2b9ceb3ca2f2d5a67e8a69eeb4e0678cf65d9039e
boletin_economico_iieg_octubre_2025_f674bc71,boletin_economico_2025,near,0.946,3f2c67e51a1111ddc1684b656f6b537c2723fe4fbcfeb13e1bb5ae74d45856df
boletin_economico_iieg_octubre_2025_f674bc71,boletin_economico_2025,near,0.941,94855940339493df658d8199ce88d0d668ef314eee36fc11c04da71a9851b85b
boletin_economico_iieg_octubre_2025_f674bc71,boletin_economico_2025,near,0.967,c892af7a10a27a92d26d0bf6ad47b2fc136b9f77e3e362be597a7f49d4c86950
boletin_economico_jalisco_mayo_2025_09f3df80,boletin_economico_2025,exact,1.000,82eff24aab26ba95a1902454c8177a77db58b661fdb26d6923d48ddf164bdac6
boletin_economico_jalisco_mayo_2025_09f3df80,boletin_economico_2025,exact,1.000,cc9d6027eacf6f0a083c090962a6c309fd227cc97f124aa5fa5feeeab4528097
boletin_economico_jalisco_mayo_2025_09f3df80,boletin_economico_2025,near,0.984,988df1adaf49a8d3346e83d2dac2a6e6579876f9680622e3d8af2184d74562eb
boletin_economico_jalisco_mayo_2025_09f3df80,boletin_economico_iieg_octubre_2025_f674bc71,near,0.966,9a3b03fa8484c7eced4d8f147d35da85edc42d8bbfd3b9168491a504aa4b9442
boletin_economico_jalisco_mayo_2025_09f3df80,boletin_economico_2025,near,0.945,b78dabf6642dc9c2932e979aa5b3a04146d505012bb0333fccd293994df3d88b
boletin_economico_jalisco_mayo_2025_09f3df80,boletin_economico_2025,near,0.951,07f4d06b5af3f86ee3de1823b7d37110109ffe20cfa140920abd8b78076f6b36
boletin_economico_jalisco_mayo_2025_09f3df80,boletin_economico_2025,near,0.946,48489dfe5476542f818f43bbc087edccb53102bc4019c4c7aee202be454da105
boletin_economico_jalisco_mayo_2025_09f3df80,boletin_economico_2025,exact,1.000,0fe860d7e0a76a82fd55358b0dce3e0f8fe8e46c05d7dfdc362d7ef09f3419d0
boletin_economico_jalisco_mayo_2025_09f3df80,boletin_economico_2025,near,0.977,b26e3a59507b810df04b52f8ff6b9510ade88b21e2aebd050ae1d5833307cf28
boletin_economico_jalisco_mayo_2025_09f3df80,boletin_economico_2025,near,0.957,d6be8b1471c8fffcd417a8d8716b4063342c800c9f98496524b976a16de3f2bc
boletin_economico_jalisco_mayo_2025_09f3df80,boletin_economico_2025,near,0.947,0350280543d9d480ea3bc83c9fe912cf03af297041c2c0bf61e9fae9295caed1
boletin_economico_jalisco_mayo_2025_09f3df80,boletin_economico_2025,near,0.958,9fd22c92c1c118f77b7363c83cf9b5eb13563b4550d59d958c5a4486e9148df6
boletin_economico_jalisco_mayo_2025_09f3df80,boletin_economico_2025,near,0.970,90e55eb162d669368514fdc5453ce8b6fc56b785dad9ddd78e79430cd595c180
boletin_economico_jalisco_mayo_2025_09f3df80,boletin_economico_2025,near,0.999,3af99d67edb9e9c8a3747f14d59a7eef85fb4101d5f7150abfb39974c804537f
boletin_economico_jalisco_mayo_2025_09f3df80,boletin_economico_2025,near,0.949,19a4ff62814d97bdd6a2700f9811904fd3cee9c6d88f6ebf7ba5794ed91dec1c
boletin_economico_jalisco_mayo_2025_09f3df80,boletin_economico_2025,near,0.955,b6e1d00ad4b89601b56bc05a2fef878136570fa81fb34779d3f8158ea98078ac
boletin_economico_jalisco_mayo_2025_09f3df80,boletin_economico_2025,exact,1.000,fdd213df6bfe0aefeef212f858dc916c1745c1958b9575aa192c9d4e3bcfdcd9
boletin_economico_jalisco_mayo_2025_09f3df80,boletin_economico_2025,near,0.953,c5c861638d34d8f43ce9fb8747e277f614b7da9810cf29044e6a972ead160fbd
boletin_economico_jalisco_mayo_2025_09f3df80,boletin_economico_2025,near,0.968,9678971030c7fe164331bcf9d61cf455cef5809bd84a2e8fc9f3a5f84888c543
boletin_economico_jalisco_mayo_2025_09f3df80,boletin_economico_2025,near,0.953,a391caebe67d9ffd1073196130e15e387109b8cb22518355a4f619ad6f34cb5d
boletin_economico_jalisco_mayo_2025_09f3df80,boletin_economico_2025,near,0.946,7cfbf0cb2a155a491176fcbbeeb5c90d40a4402b360b7b141482714446613a28
boletin_economico_jalisco_mayo_2025_09f3df80,boletin_economico_2025,near,0.943,f1f76429d24ca5b26f24be24ac269a12f8e1e7a01cee92df3ab2a977739a3952
boletin_economico_jalisco_mayo_2025_09f3df80,boletin_economico_2025,exact,1.000,fdd213df6bfe0aefeef212f858dc916c1745c1958b9575aa192c9d4e3bcfdcd9
boletin_economico_jalisco_mayo_2025_09f3df80,boletin_economico_2025,near,0.953,aafc25c3e34018b57be2c8ca95ac719c8996377144b3686d371a056aa702c880
boletin_economico_jalisco_mayo_2025_09f3df80,boletin_economico_2025,near,0.954,6ccac2ee586ef5f5228de6653ab4c939114ef9c235c569a244880ed208073aaf
boletin_economico_jalisco_mayo_2025_09f3df80,boletin_economico_2025,near,0.999,d5e517eea4f6bae6f0a320deb626669c7861ab8ed45ffa3227a65f49e3a0673e
boletin_economico_jalisco_mayo_2025_09f3df80,boletin_economico_2025,near,0.975,7ffaf9d2d228341978f00c4c71ec7598aa2a971a69f4ab3077cda0b93fd2b751
boletin_economico_jalisco_mayo_2025_09f3df80,boletin_economico_2025,near,0.941,30a266190af6c079bdbdb5c3e0dc7f57a65220bf113e189f95797af89c93c01f
boletin_economico_jalisco_mayo_2025_09f3df80,boletin_economico_2025,near,0.945,8c5ccd25d061885f0389cdbb23f65cf55a543cefe9b08172f41f34b02fd378c8
boletin_economico_jalisco_mayo_2025_09f3df80,boletin_economico_2025,near,0.942,8d433f5a55c4a2c0cf4699ceeefbed8247c8b49a8c1736af897d1d9b606a740f
boletin_economico_jalisco_mayo_2025_09f3df80,boletin_economico_2025,near,0.995,913e067660afaef9bc264d6fbdb3ab2ebcc3b9e60799831087fa30667feb9d9e
boletin_economico_jalisco_mayo_2025_09f3df80,boletin_economico_2025,near,0.952,0e425d6037d61d1173e507d3fbf30a5160a9df374cf1b38ae4bafc15c2af7bd4
boletin_economico_jalisco_mayo_2025_09f3df80,boletin_economico_2025,exact,1.000,eea153205aacc4d79dda862bf917df3d5997001ce65417baadeb38eff1da0d99
boletin_economico_jalisco_mayo_2025_09f3df80,boletin_economico_2025,near,0.954,f254147881bc11726e84ead12b0fdbef08760db6c1c182fc70eb1386fdd9052b
boletin_economico_jalisco_mayo_2025_09f3df80,boletin_economico_2025,exact,1.000,12836bedc8a720c4b8f6f1b4df1ea01799fde2d6e14e058771390ca16aaf9597
boletin_economico_jalisco_mayo_2025_09f3df80,boletin_economico_2025,near,0.966,ac45a46b7a83d23984f4c151ae1393aa0b019f66ed49e97a4a96fde691a2ee7b
boletin_economico_jalisco_mayo_2025_09f3df80,boletin_economico_2025,near,0.972,b293cca7cfccb5f68c0b34e0e9dde89e1c23219c8cbaffb76cbe586c9d7e3833
boletin_economico_jalisco_mayo_2025_09f3df80,boletin_economico_2025,near,0.945,23da8cece152e75e7ad8f312323a022c62ad259c2515a9174c2da67d8978190f
boletin_economico_jalisco_mayo_2025_09f3df80,boletin_economico_iieg_octubre_2025_f674bc71,near,0.965,0b05aa07dcc0ae9b81b9037144ef272affea16b9a08f6715b9f18fb0089a476b
boletin_economico_jalisco_mayo_2025_09f3df80,boletin_economico_2025,near,0.969,726bbbd414d98ccca50757bb32aa265d2a8a68f57a016f0c3d22a910750a23c8
boletin_economico_jalisco_mayo_2025_09f3df80,boletin_economico_2025,near,0.948,40d2bde4facf6a24f90548646befb2ce157b03fa0e80f1c24f78977737b658ca
boletin_economico_jalisco_mayo_2025_09f3df80,boletin_economico_2025,near,0.956,87fa631382e2a72a60d1cd2a54762f39e41dc148d9b07823c78b0db05f65bd59
boletin_economico_jalisco_mayo_2025_09f3df80,boletin_economico_2025,near,0.955,252767dbb24783881d28c71ebfc80d70761991c84c1962450d38bce2c4dc6614
boletin_economico_jalisco_mayo_2025_09f3df80,boletin_economico_2025,near,0.958,d024ea902a5af67a07cdc6fa93c8c5617f65ef8458f0fa1492faae7f2b3fa946
boletin_economico_jalisco_mayo_2025_09f3df80,boletin_economico_2025,near,0.978,c5ee856970ea8d652a8325bdc1955338b705131f7800401c58c8486050652397
boletin_economico_jalisco_mayo_2025_09f3df80,boletin_economico_2025,near,0.970,612b8e7a6d67f2bad91c84964eccfeda7d432bcb6f9d2d53188801f4edc49a44
boletin_economico_jalisco_mayo_2025_09f3df80,boletin_economico_2025,near,0.969,4a5a9a17aae1a1d04d2b0916fbef4f5e11e4ba3d3f1828e5a035dff892166f39
boletin_economico_jalisco_mayo_2025_09f3df80,boletin_economico_2025,near,0.958,360f8eb646388e5f2052dfbf64e6e91da4bf0d04a68e1e86b1730c6f1989121e
boletin_economico_jalisco_mayo_2025_09f3df80,boletin_economico_2025,near,0.955,d43807b784910b24b200a112261c5789943b942191652526af2c6a50850a99be
boletin_economico_jalisco_mayo_2025_09f3df80,boletin_economico_2025,exact,1.000,e6a6f17419629463e9f2701feb700c42fe708796b1d7bb0d944ec2f338db51ef
boletin_economico_jalisco_mayo_2025_09f3df80,boletin_economico_2025,near,0.947,c97127bd770ae655c2d3665c9720c33cbf62451f8258bb130696b378439da253
boletin_economico_jalisco_mayo_2025_09f3df80,boletin_economico_2025,near,0.947,e5545d4e77343f14c19826c0525f3825c03e02af31013345af703d8c7e2900a6
boletin_economico_jalisco_mayo_2025_09f3df80,boletin_economico_2025,near,0.948,cd4100678144c0fcb8a560f2d5ec0a3a7ffc8d813928fb8577c9cdd357f37d65
boletin_economico_jalisco_mayo_2025_09f3df80,boletin_economico_2025,near,0.944,c8b57c9fab36f575c11275b483d8e8a524d6242bdf5c9fc5ad5952692761590e
boletin_economico_jalisco_mayo_2025_09f3df80,boletin_economico_2025,near,0.963,4f428d854f80103fa501ccd287afe5a3c9a509ecedcc6b95107c676153597b7d
boletin_economico_jalisco_mayo_2025_09f3df80,boletin_economico_2025,near,0.965,a5f45f47b6f07471db7a72eec6708f094be5b087246fa421b618b0b246341913
boletin_economico_jalisco_mayo_2025_09f3df80,boletin_economico_jalisco_mayo_2025_09f3df80,exact,1.000,4714659fcfe918e1e3b84f5234eeaf99d63098f6a96fbc6875ccaff39cbf1571
boletin_economico_jalisco_mayo_2025_09f3df80,boletin_economico_2025,exact,1.000,e1a2b992de0be46c65304cec5d49db8f51b92a3e20b55d4615aa83ff547ea3c6
boletin_economico_jalisco_mayo_2025_09f3df80,boletin_economico_2025,near,0.970,0244ee2b2e920f209f1a144a14e5ecc4b01299bdbf549065d76d2620ceabed91
boletin_economico_jalisco_mayo_2025_09f3df80,boletin_economico_2025,near,0.953,4f7b101fba8bbf576a331cea75e2232621ea947ec3b0468b282e76389d1f1a45
boletin_economico_jalisco_mayo_2025_09f3df80,boletin_economico_2025,near,0.955,c45590cf4715b4bd4423bb0ccb6e2d0f41539837a55785dec1433ecbc85b40b8
boletin_economico_jalisco_mayo_2025_09f3df80,boletin_economico_2025,near,0.958,66f6eae92ccc1410ce8d9e781db790b216832049ea56fb943e7d24ea8fab074d
boletin_economico_jalisco_mayo_2025_09f3df80,boletin_economico_2025,exact,1.000,494045e121d13299080638440b1563785114ebc5979931a95be1cc25ccefcfc9
boletin_economico_jalisco_mayo_2025_09f3df80,boletin_economico_2025,near,0.963,b9aad663f7d2e5129263503085de30c043e402117884ae99d2dce4881973606e
boletin_economico_jalisco_mayo_2025_09f3df80,boletin_economico_2025,near,0.965,e7a1b7d012c4d70bda4edd2fd1f75d9b125d14cb9b39d1e175d6e842f9019750
boletin_economico_jalisco_mayo_2025_09f3df80,boletin_economico_2025,exact,1.000,55906e035526f6dc115051c5a26787c8a55039ca4a3772843e091b3037b84204
boletin_economico_jalisco_mayo_2025_09f3df80,boletin_economico_2025,exact,1.000,55906e035526f6dc115051c5a26787c8a55039ca4a3772843e091b3037b84204
boletin_economico_jalisco_mayo_2025_09f3df80,boletin_economico_2025,near,0.944,9379241d11ade58b8f994d2339491de6e0498e523774ac2d8ce23a64d5816733
boletin_economico_jalisco_mayo_2025_09f3df80,boletin_economico_2025,exact,1.000,55906e035526f6dc115051c5a26787c8a55039ca4a3772843e091b3037b84204
boletin_economico_jalisco_mayo_2025_09f3df80,boletin_economico_2025,near,0.951,7b2e67520b6807bad6612f48fb1cd51a8e2d1d5a268ff73743a0a1f025aba7fe
boletin_economico_jalisco_mayo_2025_09f3df80,boletin_economico_2025,near,0.952,12a2f0759680b8a713aadda2534b55a9478bb2c60d9bcb11bb994e2a382c5a79
boletin_economico_jalisco_mayo_2025_09f3df80,boletin_economico_2025,exact,1.000,de765b29d432a9f2aed550c3781c4feb0d454d7b37ea220f87d1069b85b4574a
boletin_economico_jalisco_mayo_2025_09f3df80,boletin_economico_2025,exact,1.000,9ba7f55d716ccb559e0ea348d9b5c1ce815511ef8729ad74002843028801eb9d
boletin_economico_jalisco_mayo_2025_09f3df80,boletin_economico_2025,exact,1.000,e18ec0f9b8e5b33245ee284e01f06dfd9eb2103f7318741cd72a13783afd0dcc
boletin_economico_jalisco_mayo_2025_09f3df80,boletin_economico_2025,exact,1.000,99f0d227c588285dbc7f9ce23af6f4a9a6afd38d2b8c43e5a0a4465ef62320de
boletin_economico_jalisco_mayo_2025_09f3df80,boletin_economico_2025,exact,1.000,99f0d227c588285dbc7f9ce23af6f4a9a6afd38d2b8c43e5a0a4465ef62320de
boletin_economico_jalisco_mayo_2025_09f3df80,boletin_economico_2025,near,0.995,d91c6aa41bf5740c9329bc838734b169bcb71f35d44b86a76efc4a1698be5c21
boletin_economico_jalisco_mayo_2025_09f3df80,boletin_economico_2025,exact,1.000,70105cbbf6bc3a9226d86cd7ddd0b9927731e4595976c90b7e77e942e3254a8b
boletin_economico_jalisco_mayo_2025_09f3df80,boletin_economico_2025,exact,1.000,99f0d227c588285dbc7f9ce23af6f4a9a6afd38d2b8c43e5a0a4465ef62320de
boletin_economico_jalisco_mayo_2025_09f3df80,boletin_economico_2025,exact,1.000,b2108db5f90ba1164275a35073acd0cf0dbb56a309776e56504f9179af35137a
boletin_economico_jalisco_mayo_2025_09f3df80,boletin_economico_2025,exact,1.000,9caab9cb2828cb89a04bfdc2b9ceb3ca2f2d5a67e8a69eeb4e0678cf65d9039e
boletin_economico_jalisco_mayo_2025_09f3df80,boletin_economico_2025,exact,1.000,05477ace236ae7b6ee6259f8fa59a5648a0e36e1f05c98aff165c02450dc6614
boletin_economico_jalisco_mayo_2025_09f3df80,boletin_economico_2025,near,0.944,105af869f86bf2ab65f79aaeee60b2273dda8d01c66f519629a57706f2ef7536
boletin_economico_jalisco_mayo_2025_09f3df80,boletin_economico_2025,near,0.953,732cc3a2c087c84f4cb0a32ce62e5b5e8ce92d0168de50daaa5c230e2a643ab8
boletin_economico_jalisco_mayo_2025_09f3df80,boletin_economico_2025,exact,1.000,9caab9cb2828cb89a04bfdc2b9ceb3ca2f2d5a67e8a69eeb4e0678cf65d9039e
boletin_economico_jalisco_mayo_2025_09f3df80,boletin_economico_2025,near,0.955,62708f06ee42bd11b0977cd9acff39ca445995e77a024aad9866ff117a463c4a
boletin_economico_jalisco_mayo_2025_09f3df80,boletin_economico_2025,near,0.954,7d1943297b65d85563c20b15609c2014d3ce27a0ded08bfc36e805956d1c7a08
boletin_economico_jalisco_mayo_2025_09f3df80,boletin_economico_2025,near,0.965,c12165991522e91e8f3c3455f70eb2ed7d6c11461a7775772f01f44c45c68bf8
boletin_economico_jalisco_mayo_2025_09f3df80,boletin_economico_2025,near,0.969,d0befdcafe9328d6f3da056bf8196f7cbb9c867fd9ba239ce69e15edd54f8f2d
boletin_economico_iieg_enero_2025_1f358f8f,boletin_economico_2025,exact,1.000,82eff24aab26ba95a1902454c8177a77db58b661fdb26d6923d48ddf164bdac6
boletin_economico_iieg_enero_2025_1f358f8f,boletin_economico_2025,exact,1.000,cc9d6027eacf6f0a083c090962a6c309fd227cc97f124aa5fa5feeeab4528097
boletin_economico_iieg_enero_2025_1f358f8f,boletin_economico_2025,near,0.975,23d65140bfc195d9ac5646362c975e7439e684ce59e583fa00ea3cfd7b3eaddd
boletin_economico_iieg_enero_2025_1f358f8f,boletin_economico_iieg_octubre_2025_f674bc71,near,0.966,9a3b03fa8484c7eced4d8f147d35da85edc42d8bbfd3b9168491a504aa4b9442
boletin_economico_iieg_enero_2025_1f358f8f,boletin_economico_2025,exact,1.000,3a00dac54e9a15cbec541c668702c22cf76463462c6a7815033c76d5c0832d4d
boletin_economico_iieg_enero_2025_1f358f8f,boletin_economico_iieg_octubre_2025_f674bc71,near,0.942,73fc440bd7e16b754390ee20b12cb9247673bac73b5bbb682d699912c31143ba
boletin_economico_iieg_enero_2025_1f358f8f,boletin_economico_iieg_octubre_2025_f674bc71,near,0.969,d812822eaff7acedc4651d8ccd2e74f0fa38d2a6b16ed624cf5f6794baeefe49
boletin_economico_iieg_enero_2025_1f358f8f,boletin_economico_iieg_octubre_2025_f674bc71,near,0.946,db8aa9919c986274ba82b47824e6293806fab77100ab4a067b77600e80e6606c
boletin_economico_iieg_enero_2025_1f358f8f,boletin_economico_iieg_octubre_2025_f674bc71,near,0.943,6183b5c6f286cb836724ed1ceaca0ea43881c11f6f8813131d7ea6443fc727bc
boletin_economico_iieg_enero_2025_1f358f8f,boletin_economico_iieg_octubre_2025_f674bc71,near,0.966,11474f1d20e9a87be57cce7ab60202e2bf1f307abcef5386e546299f65a8b248
boletin_economico_iieg_enero_2025_1f358f8f,boletin_economico_iieg_octubre_2025_f674bc71,near,0.940,8e88bd0453b7c6781d0ad1121eb371bdc5c7a6ec24d57553905ac2d7c073e85d
boletin_economico_iieg_enero_2025_1f358f8f,boletin_economico_2025,near,0.978,3bb442f1dc630eba37e4914ab41e49a4fded4d146c6105a469e817608f59f596
boletin_economico_iieg_enero_2025_1f358f8f,boletin_economico_2025,near,0.942,e6c6c416a1f7f2155d9b42bafc61740780a3027ab88f0f5e9d4adba6a6388445
boletin_economico_iieg_enero_2025_1f358f8f,boletin_economico_jalisco_mayo_2025_09f3df80,near,0.949,35197bfd6b6e660e080838e01af5b7599fcd183da03d04f9d91d13ad20bb5ff6
boletin_economico_iieg_enero_2025_1f358f8f,boletin_economico_2025,near,0.997,db795cfcc446b3938e861a1218ad8ced96b8f4ab4a3a51643dacb92a6e5aa5c9
boletin_economico_iieg_enero_2025_1f358f8f,boletin_economico_2025,near,0.997,db795cfcc446b3938e861a1218ad8ced96b8f4ab4a3a51643dacb92a6e5aa5c9
boletin_economico_iieg_enero_2025_1f358f8f,boletin_economico_2025,near,0.997,db795cfcc446b3938e861a1218ad8ced96b8f4ab4a3a51643dacb92a6e5aa5c9
boletin_economico_iieg_enero_2025_1f358f8f,boletin_economico_2025,near,0.997,db795cfcc446b3938e861a1218ad8ced96b8f4ab4a3a51643dacb92a6e5aa5c9
boletin_economico_iieg_enero_2025_1f358f8f,boletin_economico_2025,exact,1.000,12836bedc8a720c4b8f6f1b4df1ea01799fde2d6e14e058771390ca16aaf9597
boletin_economico_iieg_enero_2025_1f358f8f,boletin_economico_2025,near,0.948,b46fac47e999e6afb725dd07615f48f45296b2a25928da21b464856fd8e86b61
boletin_economico_iieg_enero_2025_1f358f8f,boletin_economico_2025,near,0.967,c86da284dc760cfd33469621d3a0b1c96f47cdf7ef7c840b9e03e7162f08fdea
boletin_economico_iieg_enero_2025_1f358f8f,boletin_economico_iieg_octubre_2025_f674bc71,near,0.956,b1fd18d52ac0cbe8617176f93bd157abc0e238fff49354961116e7aebf27819f
boletin_economico_iieg_enero_2025_1f358f8f,boletin_economico_iieg_octubre_2025_f674bc71,near,0.968,4b38ea402b51c2a5d7c8fa6b76a14e29332c64e316bae53d985f1273f4a47b51
boletin_economico_iieg_enero_2025_1f358f8f,boletin_economico_jalisco_mayo_2025_09f3df80,near,0.959,ee7292e09cd53aa2883652c9da090093a7ca7e46bcb0613f69db7f07b4269005
boletin_economico_iieg_enero_2025_1f358f8f,boletin_economico_2025,near,0.942,c0f909d0788676b3fcdaac463eb315407103d703d684293c428f6b0295c51515
boletin_economico_iieg_enero_2025_1f358f8f,boletin_economico_iieg_octubre_2025_f674bc71,near,0.945,1560c8348d871e8bc5dbcf74acf611ae17f4ed86d01821021a998ba5ef8b4e80
boletin_economico_iieg_enero_2025_1f358f8f,boletin_economico_iieg_octubre_2025_f674bc71,near,0.960,db43811c69643de69b2e00893927a5497769bf41872b2908e237e47e5a471bd4
boletin_economico_iieg_enero_2025_1f358f8f,boletin_economico_2025,near,0.955,9d2e87b7b7b838021b0f8dd92fd6682c6a02e8452c6418d04ac8a14ebc1d1065
boletin_economico_iieg_enero_2025_1f358f8f,boletin_economico_2025,near,0.967,1bddccde68f97439f2eb75e5d20ffec64f342038122019d841a4af969785f687
boletin_economico_iieg_enero_2025_1f358f8f,boletin_economico_2025,near,0.951,439104d55e5b50ec6d3f50b844551b32f36b0081c6a7fed4a0caa1194609a044
boletin_economico_iieg_enero_2025_1f358f8f,boletin_economico_iieg_octubre_2025_f674bc71,near,0.941,0a79c58158195867ad88dff3a0ef959b436840506fe599f26dcbda51207f4684
boletin_economico_iieg_enero_2025_1f358f8f,boletin_economico_iieg_octubre_2025_f674bc71,near,0.955,e0cb6e37e508b31177aa5a7b7a33444e893357b39e26bfd72106982518d1ebad
boletin_economico_iieg_enero_2025_1f358f8f,boletin_economico_2025,exact,1.000,e6a6f17419629463e9f2701feb700c42fe708796b1d7bb0d944ec2f338db51ef
boletin_economico_iieg_enero_2025_1f358f8f,boletin_economico_2025,near,0.945,a746bccced065b081b3edf45b3df2c5c8998034af4c9c6f54d6fdc65334273d7
boletin_economico_iieg_enero_2025_1f358f8f,boletin_economico_2025,near,0.946,bcd0fe04a0edd82862f75ee5653ad2ae672b985fcb24e837bf8990026984bd9b
boletin_economico_iieg_enero_2025_1f358f8f,boletin_economico_jalisco_mayo_2025_09f3df80,near,0.969,919f1e2be01733053db4d32dc6a620d104e1cf80b3ffbd88bbae009e08a8f3ac
boletin_economico_iieg_enero_2025_1f358f8f,boletin_economico_jalisco_mayo_2025_09f3df80,near,0.967,86fc22505bd815169baf753a8720eb9bd828249eb93a61578e5b2d446775a838
boletin_economico_iieg_enero_2025_1f358f8f,boletin_economico_jalisco_mayo_2025_09f3df80,near,0.969,1953ad0e1e006d3d10ab744d5038ae4bba16afcb86cc5917e67ec98fa36086bb
boletin_economico_iieg_enero_2025_1f358f8f,boletin_economico_2025,near,0.957,7286b4c82b5074af1b65cf3466e09346950c2487d0250276b8c134d6a607baf0
boletin_economico_iieg_enero_2025_1f358f8f,boletin_economico_jalisco_mayo_2025_09f3df80,near,0.967,1c38151d21925dfaf7456e0fc79dd1218c566252977cb400a7a2114b001434c3
boletin_economico_iieg_enero_2025_1f358f8f,boletin_economico_iieg_octubre_2025_f674bc71,near,0.967,095ee742e8132952b8892329f56a45642af9d44da94881de4d521e6a763ae642
boletin_economico_iieg_enero_2025_1f358f8f,boletin_economico_2025,exact,1.000,0c9b4fec08c365017131574eecd2a44e3d75796aff01b8abe688611672d2e511
boletin_economico_iieg_enero_2025_1f358f8f,boletin_economico_2025,exact,1.000,818bb30297a5b39f61e8576094213b1303def06dc67b0ccd06184f7442d6610d
boletin_economico_iieg_enero_2025_1f358f8f,boletin_economico_jalisco_mayo_2025_09f3df80,near,0.964,dbe8d3abd6e14d734fc60570951098448f12c679c9ff33193a9dcee28bf1f7a5
boletin_economico_iieg_enero_2025_1f358f8f,boletin_economico_jalisco_mayo_2025_09f3df80,exact,1.000,03eb70f96cd1ddde3195f5798d6e4fe38cae8973410cd0caacdf5023f30018a3
boletin_economico_iieg_enero_2025_1f358f8f,boletin_economico_2025,exact,1.000,0c9b4fec08c365017131574eecd2a44e3d75796aff01b8abe688611672d2e511
boletin_economico_iieg_enero_2025_1f358f8f,boletin_economico_2025,exact,1.000,818bb30297a5b39f61e8576094213b1303def06dc67b0ccd06184f7442d6610d
boletin_economico_iieg_enero_2025_1f358f8f,boletin_economico_2025,exact,1.000,0c9b4fec08c365017131574eecd2a44e3d75796aff01b8abe688611672d2e511
boletin_economico_iieg_enero_2025_1f358f8f,boletin_economico_2025,exact,1.000,818bb30297a5b39f61e8576094213b1303def06dc67b0ccd06184f7442d6610d
boletin_economico_iieg_enero_2025_1f358f8f,boletin_economico_2025,near,0.977,f555bce6a1fd58baf9068ea8c0014b7497ccdd270310014cc7394c69b6ff268c
boletin_economico_iieg_enero_2025_1f358f8f,boletin_economico_jalisco_mayo_2025_09f3df80,near,0.947,4b712bd60d727643a5891661581528bd082a0c0d3020299f2dd33797c6fac8f4
boletin_economico_iieg_enero_2025_1f358f8f,boletin_economico_2025,near,0.952,4c3fb3f11459815d6381ff49c4b079fd05961e56995731c78003ab5c76f124e9
boletin_economico_iieg_enero_2025_1f358f8f,boletin_economico_jalisco_mayo_2025_09f3df80,near,0.963,158d81afdc6ea044fe3f729e92abf88e8e8ca3b549db65f2c5f6efa57d670475
boletin_economico_iieg_enero_2025_1f358f8f,boletin_economico_2025,exact,1.000,494045e121d13299080638440b1563785114ebc5979931a95be1cc25ccefcfc9
boletin_economico_iieg_enero_2025_1f358f8f,boletin_economico_2025,near,0.945,ab8336710dd5bc09ce48eae642cc0931774a1669c255315b4b4e4ce4cd68e7b2
boletin_economico_iieg_enero_2025_1f358f8f,boletin_economico_2025,exact,1.000,55906e035526f6dc115051c5a26787c8a55039ca4a3772843e091b3037b84204
boletin_economico_iieg_enero_2025_1f358f8f,boletin_economico_2025,exact,1.000,55906e035526f6dc115051c5a26787c8a55039ca4a3772843e091b3037b84204
boletin_economico_iieg_enero_2025_1f358f8f,boletin_economico_2025,exact,1.000,55906e035526f6dc115051c5a26787c8a55039ca4a3772843e091b3037b84204
boletin_economico_iieg_enero_2025_1f358f8f,boletin_economico_2025,exact,1.000,e18ec0f9b8e5b33245ee284e01f06dfd9eb2103f7318741cd72a13783afd0dcc
boletin_economico_iieg_enero_2025_1f358f8f,boletin_economico_2025,exact,1.000,99f0d227c588285dbc7f9ce23af6f4a9a6afd38d2b8c43e5a0a4465ef62320de
boletin_economico_iieg_enero_2025_1f358f8f,boletin_economico_iieg_octubre_2025_f674bc71,near,0.944,27456995dc7027d33fd4f50d3e5777ff0c534fc7c7cb883d24f27685f49caa0d
boletin_economico_iieg_enero_2025_1f358f8f,boletin_economico_2025,exact,1.000,99f0d227c588285dbc7f9ce23af6f4a9a6afd38d2b8c43e5a0a4465ef62320de
boletin_economico_iieg_enero_2025_1f358f8f,boletin_economico_2025,exact,1.000,b2108db5f90ba1164275a35073acd0cf0dbb56a309776e56504f9179af35137a
boletin_economico_iieg_enero_2025_1f358f8f,boletin_economico_2025,exact,1.000,70105cbbf6bc3a9226d86cd7ddd0b9927731e4595976c90b7e77e942e3254a8b
boletin_economico_iieg_enero_2025_1f358f8f,boletin_economico_2025,exact,1.000,99f0d227c588285dbc7f9ce23af6f4a9a6afd38d2b8c43e5a0a4465ef62320de
boletin_economico_iieg_enero_2025_1f358f8f,boletin_economico_2025,exact,1.000,b2108db5f90ba1164275a35073acd0cf0dbb56a309776e56504f9179af35137a
boletin_economico_iieg_enero_2025_1f358f8f,boletin_economico_2025,exact,1.000,49267c2977c98d51a54712e8bf12cbc820aab267ae2cc801058070dda6c60a19
boletin_economico_iieg_enero_2025_1f358f8f,boletin_economico_2025,near,0.990,244c04fe0ca46918bc65486f92a47cdcdfb6b2624a727fbf4b297555bb40e7dc
boletin_economico_iieg_enero_2025_1f358f8f,boletin_economico_2025,near,0.987,76d8e765374b480b6780d33e0ec10e6323e708bf7f1ff2aa947c87bf891e93d8
boletin_economico_iieg_enero_2025_1f358f8f,boletin_economico_2025,near,0.954,78941543dc312ed6431bddaef37959b424182665658f5af956dc5cd918406ab8
boletin_economico_iieg_enero_2025_1f358f8f,boletin_economico_2025,near,0.945,31e6856d5a020e77a828496ab4c79b1f928f37a14880f3c685312ad7da1316e6
boletin_economico_iieg_enero_2025_1f358f8f,boletin_economico_2025,near,0.990,244c04fe0ca46918bc65486f92a47cdcdfb6b2624a727fbf4b297555bb40e7dc
boletin_economico_iieg_septiembre_2024_ea5c2c5f,boletin_economico_2025,near,0.966,f6e269e4068e3cbe209c772128a44ee07a080bd95b923bf744426b8eb5410cfb
boletin_economico_iieg_septiembre_2024_ea5c2c5f,boletin_economico_iieg_enero_2025_1f358f8f,near,0.958,a04b2b50015bad055f8b1e12d3a76ae1ed04deba477646931b25226ee5ee21d2
boletin_economico_iieg_septiembre_2024_ea5c2c5f,boletin_economico_2025,near,0.990,23d20657809c4ee1a6434eb8e17cc2414b9c47af3e84d54a9b98f667661c17e6
boletin_economico_iieg_septiembre_2024_ea5c2c5f,boletin_economico_2025,near,0.990,23d20657809c4ee1a6434eb8e17cc2414b9c47af3e84d54a9b98f667661c17e6
boletin_economico_iieg_septiembre_2024_ea5c2c5f,boletin_economico_2025,near,0.990,23d20657809c4ee1a6434eb8e17cc2414b9c47af3e84d54a9b98f667661c17e6
boletin_economico_iieg_septiembre_2024_ea5c2c5f,boletin_economico_iieg_octubre_2025_f674bc71,near,0.947,79404f7e69cc7a1e625e4056cb5bf8210263d72b15fd23a29a3269243caa062f
boletin_economico_iieg_septiembre_2024_ea5c2c5f,boletin_economico_2025,near,0.957,0005bdaca39977e47f4b318b0001a339360d4b42512e69bab6a5b6debb42d6cd
boletin_economico_iieg_septiembre_2024_ea5c2c5f,boletin_economico_2025,near,0.957,5138a2fb16730d06b8d1598472098cdaebd7a899c37ef278fde1d252cc5389d7
boletin_economico_iieg_septiembre_2024_ea5c2c5f,boletin_economico_2025,near,0.947,ca8beae8cf85d52587af80bfe3cebe8f32be6055fe3d0c13393c9509661559dc
boletin_economico_iieg_septiembre_2024_ea5c2c5f,boletin_economico_iieg_octubre_2025_f674bc71,near,0.947,38075840faad23eae3c9e3d2479f111bf56f9c963e354d94c91b1897e03a5f84
boletin_economico_iieg_septiembre_2024_ea5c2c5f,boletin_economico_2025,near,0.952,10f176e165dea3c4d41e695cee4925cd9629363ad2d509c071dd62245e47d141
boletin_economico_iieg_septiembre_2024_ea5c2c5f,boletin_economico_2025,near,0.978,c3eec0b0c9ce3a2a28596449dd386ebe853bcaacd21091374296d6d37e6dd7d7
boletin_economico_iieg_septiembre_2024_ea5c2c5f,boletin_economico_2025,near,0.974,79988035c398690c00dfccc26938e1b71b798a953dc995b5617c98d82da333db
boletin_economico_iieg_septiembre_2024_ea5c2c5f,boletin_economico_iieg_enero_2025_1f358f8f,near,0.977,1938f6c137f11776153c8ec35f41dc9fd40a27754bff52d42d5d4d4580d6a4aa
boletin_economico_iieg_septiembre_2024_ea5c2c5f,boletin_economico_iieg_enero_2025_1f358f8f,near,0.972,221b8232e8cc7114f51e8cf0555e895f763b55549b9c26fc058225f77f7f271b
boletin_economico_iieg_septiembre_2024_ea5c2c5f,boletin_economico_iieg_enero_2025_1f358f8f,near,0.960,66a9567ba7149b711705b6657ee0d3b71d0fc05189ebe141b0c085943eae435a
boletin_economico_iieg_septiembre_2024_ea5c2c5f,boletin_economico_iieg_enero_2025_1f358f8f,near,0.958,d23a20f9e3870ba8f5cb316722614272eb8e0fa2d3a3c0b91d6f9f675e263a61
boletin_economico_iieg_septiembre_2024_ea5c2c5f,boletin_economico_iieg_octubre_2025_f674bc71,near,0.958,264ddf1aebe3221647367a58d4809bb2a165fe89544eae1bf10d08893e35f8c7
boletin_economico_iieg_septiembre_2024_ea5c2c5f,boletin_economico_2025,near,0.973,cba717619c786b2e404cdb2bc658b60218b243214c9b70dbc1026c29dd6b3ae6
boletin_economico_iieg_septiembre_2024_ea5c2c5f,boletin_economico_2025,near,0.961,7d66a1e67820a747504c05aa5730f98f5d9ac9e0412ca7aaf1228be2fa44102e
boletin_economico_iieg_septiembre_2024_ea5c2c5f,boletin_economico_jalisco_mayo_2025_09f3df80,near,0.940,7770253c3f901ded2268551d94a9bd55cb5a07f0e4a60c7894e568432f9e2bbc
boletin_economico_iieg_septiembre_2024_ea5c2c5f,boletin_economico_jalisco_mayo_2025_09f3df80,near,0.983,623cd9cd656d1382714c3acbfe7cff11b1b9b8e02821ee6094e2e456c1bcbb29
boletin_economico_iieg_septiembre_2024_ea5c2c5f,boletin_economico_2025,near,0.973,cba717619c786b2e404cdb2bc658b60218b243214c9b70dbc1026c29dd6b3ae6
boletin_economico_iieg_septiembre_2024_ea5c2c5f,boletin_economico_iieg_enero_2025_1f358f8f,near,0.944,64d95a96eea40a24c590ec8bdee9575053531d11fb4bd4ad3278d668bfd43c60
boletin_economico_iieg_septiembre_2024_ea5c2c5f,boletin_economico_2025,near,0.961,7d66a1e67820a747504c05aa5730f98f5d9ac9e0412ca7aaf1228be2fa44102e
boletin_economico_iieg_septiembre_2024_ea5c2c5f,boletin_economico_2025,near,0.973,cba717619c786b2e404cdb2bc658b60218b243214c9b70dbc1026c29dd6b3ae6
boletin_economico_iieg_septiembre_2024_ea5c2c5f,boletin_economico_2025,near,0.961,7d66a1e67820a747504c05aa5730f98f5d9ac9e0412ca7aaf1228be2fa44102e
boletin_economico_iieg_septiembre_2024_ea5c2c5f,boletin_economico_2025,near,0.960,218737f5dfd841d777a6fd8db9102c275044d7a350b8ef146e0035fb71b2ed56
boletin_economico_iieg_septiembre_2024_ea5c2c5f,boletin_economico_jalisco_mayo_2025_09f3df80,near,0.946,a7c3f5be17ddadc702493a4783ec4cce917002c46ec61b0f1c2b1f42bddd73ae
boletin_economico_iieg_septiembre_2024_ea5c2c5f,boletin_economico_2025,near,0.960,d028f73920fffd636cdc950eb1791d1b4102c647b12d62da6ab9605114068646
boletin_economico_iieg_septiembre_2024_ea5c2c5f,boletin_economico_2025,near,0.977,627e7af9119d208fe873bb11d5ff9a529c1a184566da3e1c889248bf7569c18b
boletin_economico_iieg_septiembre_2024_ea5c2c5f,boletin_economico_2025,near,0.964,dd2f393017e9e677f466d114605ec97e86a177d518b43d862e2e8d3e680bee7e
boletin_economico_iieg_septiembre_2024_ea5c2c5f,boletin_economico_2025,near,0.971,74dc68df42e4cb0175686d6a85b531be512a644412159c5f350606dbe1f6763a
boletin_economico_iieg_septiembre_2024_ea5c2c5f,boletin_economico_iieg_enero_2025_1f358f8f,near,0.966,c8ab2ad9ef215cc2a71ebdfb8337bc379f1026a053257f6adcfe713db82af77f
boletin_economico_iieg_septiembre_2024_ea5c2c5f,boletin_economico_2025,near,0.979,8304ccaca5fbbc81570d32a4c6b59c1354939c65cf82535fd0339aad97ed1a1e
boletin_economico_iieg_septiembre_2024_ea5c2c5f,boletin_economico_jalisco_mayo_2025_09f3df80,near,0.951,3a6cc8ee927cad8d34efe8fc3b3c5a4a8d2a2ef8f214b6afd9c1ce31ad20c469
boletin_economico_iieg_septiembre_2024_ea5c2c5f,boletin_economico_2025,near,0.975,8ea17992f4627772b5672657afc3616d39e99b9c46cbae7220eca8b1cd5836f9
boletin_economico_iieg_septiembre_2024_ea5c2c5f,boletin_economico_jalisco_mayo_2025_09f3df80,near,0.943,32ea9ad636305e8ce7813689354f57d4c558af905a4d83ccc49cf5efd8bfba7e
boletin_economico_iieg_septiembre_2024_ea5c2c5f,boletin_economico_2025,near,0.961,737cadfb0545675830c231f7fb67f01aa0b47a7ac5ad4613971baa203e7e2e02
boletin_economico_iieg_septiembre_2024_ea5c2c5f,boletin_economico_jalisco_mayo_2025_09f3df80,near,0.969,f07453c622af6e4868a7658c1393067e4d2553419c2ce842d9121cd7e298ec5c
boletin_economico_iieg_septiembre_2024_ea5c2c5f,boletin_economico_2025,near,0.972,652a11eedd7691806085c734232bf88bcbb02ce83a24a518f631347df1ea3e0c
boletin_economico_iieg_septiembre_2024_ea5c2c5f,boletin_economico_2025,near,0.972,652a11eedd7691806085c734232bf88bcbb02ce83a24a518f631347df1ea3e0c
boletin_economico_iieg_septiembre_2024_ea5c2c5f,boletin_economico_2025,near,0.967,4e71374fc963877dc8a5cd52c2e23244eee1cbac3264c422196eaf84fcd22881
boletin_economico_iieg_septiembre_2024_ea5c2c5f,boletin_economico_iieg_enero_2025_1f358f8f,near,0.955,2e6a068baac558f6e3cd36e8edc3fa827bf39a9ef8e1a6efdf6a147e96333afc
boletin_economico_iieg_septiembre_2024_ea5c2c5f,boletin_economico_2025,near,0.952,4269bf9dd1c635ae451aedd15cdfea8481915c62acde149662704d8c9aaa44ee
boletin_economico_iieg_septiembre_2024_ea5c2c5f,boletin_economico_iieg_enero_2025_1f358f8f,near,0.967,fd150b3ebfbb728223c3f1251db68160264ff52506e7fa994cf341e2f536756f
boletin_economico_iieg_septiembre_2024_ea5c2c5f,boletin_economico_2025,near,0.964,e81f1ecd24a16581f25fce0a4ea0e1561a9c3219627d5e1905a0038c42052dfa
boletin_economico_iieg_septiembre_2024_ea5c2c5f,boletin_economico_2025,near,0.968,4c148329f13104249a4ae3d35a216073eb5f5ca398b50ab6d56e7baa614ece26
boletin_economico_iieg_septiembre_2024_ea5c2c5f,boletin_economico_2025,near,0.943,3857952114855f3d4e5c3ea81158b0567e215ee5910ce6743f75fd631bbc377c
boletin_economico_iieg_septiembre_2024_ea5c2c5f,boletin_economico_iieg_enero_2025_1f358f8f,near,0.944,8e00c38f6e958bac0a339445400f8c1ed48efbb705090ab7fe9607e61f4adc3c
boletin_economico_iieg_mayo_2024_47bd3321,boletin_economico_iieg_septiembre_2024_ea5c2c5f,exact,1.000,788b0eea0f17d05004b566cdc9411bbc5cf601cf0421cceed56f240164a56a17
boletin_economico_iieg_mayo_2024_47bd3321,boletin_economico_jalisco_mayo_2025_09f3df80,near,0.974,c0a86f6b087109d87018b71d934f68d69827381fd323a7c5987fda8b7a1fdb0a
boletin_economico_iieg_mayo_2024_47bd3321,boletin_economico_iieg_septiembre_2024_ea5c2c5f,exact,1.000,16aa7f9c01b2fc2f4ab4af75462e780c582021525510fc9890a4a190a9ae53c2
boletin_economico_iieg_mayo_2024_47bd3321,boletin_economico_iieg_septiembre_2024_ea5c2c5f,near,0.979,cd4e1b3a058b44be5d49a3288d1f3f04e4458ff2df2f2a680375d2be3e2d4a3b
boletin_economico_iieg_mayo_2024_47bd3321,boletin_economico_iieg_septiembre_2024_ea5c2c5f,near,0.981,a2480873d68396b7994b3061704bfdcaee470225187d3db365ff76f2f04f493b
boletin_economico_iieg_mayo_2024_47bd3321,boletin_economico_iieg_septiembre_2024_ea5c2c5f,near,0.971,2c0ca12e1c65e5a3b7f48a0df46690285ae96169ae6265af50ce465e4bf85ac2
boletin_economico_iieg_mayo_2024_47bd3321,boletin_economico_iieg_septiembre_2024_ea5c2c5f,exact,1.000,ee61a9fb85a5da83615a42b4fc1600ffb433adfc327ea95ce7e7161816824f9a
boletin_economico_iieg_mayo_2024_47bd3321,boletin_economico_iieg_septiembre_2024_ea5c2c5f,near,0.981,81d2f27cb98d650609ffbd0899de1dd62d3bbf35e85178fefef3e42d573bf3c4
boletin_economico_iieg_mayo_2024_47bd3321,boletin_economico_iieg_septiembre_2024_ea5c2c5f,exact,1.000,a36e0d2293efddf8f39f762024edcec02eb6c13bd4d0cf727c9cb96e60dc1a28
boletin_economico_iieg_mayo_2024_47bd3321,boletin_economico_iieg_septiembre_2024_ea5c2c5f,near,0.941,cd1ae6e95e98f21bf3aa148f5d403f64be68d34cef611ba28012423411d90f53
boletin_economico_iieg_mayo_2024_47bd3321,boletin_economico_iieg_septiembre_2024_ea5c2c5f,near,0.942,eecfb8ebc04aba15d49546d490c6cc714b3e698dbff56f55a435fbe993b6f5c1
boletin_economico_iieg_mayo_2024_47bd3321,boletin_economico_iieg_septiembre_2024_ea5c2c5f,near,0.949,d820bda1e669fa3e277c68794950ad6101b9e3e9d30c702935b762b097021437
boletin_economico_iieg_mayo_2024_47bd3321,boletin_economico_iieg_septiembre_2024_ea5c2c5f,near,0.951,290ca287894d5f6d224f0fcf4062ebdfbc9e8bfd5599ffc41b7ddacaa777ebd5
boletin_economico_iieg_mayo_2024_47bd3321,boletin_economico_iieg_septiembre_2024_ea5c2c5f,near,0.945,883646941cde5f0d6853e5b611447d98dbb515b29131b7f7c31bd1bfce406602
boletin_economico_iieg_mayo_2024_47bd3321,boletin_economico_iieg_septiembre_2024_ea5c2c5f,near,0.948,2efc00628221caead3853306b975f7eef032f47938b48015c3effdb4d3424896
boletin_economico_iieg_mayo_2024_47bd3321,boletin_economico_iieg_septiembre_2024_ea5c2c5f,near,0.946,e1c96b94ab25a234d647db17d8a6ae6e3a801178af6e7216441df4be6f9812ec
boletin_economico_iieg_mayo_2024_47bd3321,boletin_economico_iieg_septiembre_2024_ea5c2c5f,near,0.970,ce99fb7439f4362b4fdb65b180d8d22af9c5d00af26dd994b778a462ac3d8eb9
boletin_economico_iieg_mayo_2024_47bd3321,boletin_economico_iieg_septiembre_2024_ea5c2c5f,near,0.948,f1ca48d85f373423fbc43f4d02c05f89f16515d11ce3f38f4782e40e97a54e86
boletin_economico_iieg_mayo_2024_47bd3321,boletin_economico_jalisco_mayo_2025_09f3df80,near,0.945,3a9c2922c7971d8ef73f87d157f2b1e78462a4b0aa53f128fcbc14a2d9890880
boletin_economico_iieg_mayo_2024_47bd3321,boletin_economico_iieg_septiembre_2024_ea5c2c5f,near,0.997,397a26a9562389cd5af779f61fbe480684c69f5d6b4b03fa7e480068c0ff7c3e
boletin_economico_iieg_mayo_2024_47bd3321,boletin_economico_2025,near,0.990,23d20657809c4ee1a6434eb8e17cc2414b9c47af3e84d54a9b98f667661c17e6
boletin_economico_iieg_mayo_2024_47bd3321,boletin_economico_2025,near,0.990,23d20657809c4ee1a6434eb8e17cc2414b9c47af3e84d54a9b98f667661c17e6
boletin_economico_iieg_mayo_2024_47bd3321,boletin_economico_2025,near,0.990,23d20657809c4ee1a6434eb8e17cc2414b9c47af3e84d54a9b98f667661c17e6
boletin_economico_iieg_mayo_2024_47bd3321,boletin_economico_2025,near,0.978,c3eec0b0c9ce3a2a28596449dd386ebe853bcaacd21091374296d6d37e6dd7d7
boletin_economico_iieg_mayo_2024_47bd3321,boletin_economico_iieg_septiembre_2024_ea5c2c5f,near,0.951,778591200c14c51bef7a6d2a6b5721de21277d98dd740a4cbface0b49b33230f
boletin_economico_iieg_mayo_2024_47bd3321,boletin_economico_2025,near,0.948,dae3d9e851d4f0ba9fdadd3c2740e5a485d982c85543f5b8480c843e7f4ac762
boletin_economico_iieg_mayo_2024_47bd3321,boletin_economico_iieg_septiembre_2024_ea5c2c5f,near,0.940,54a92c5d1fafca3daa297e5b1eaae2c5a706d5bd379b1793ab688f9f578d656f
boletin_economico_iieg_mayo_2024_47bd3321,boletin_economico_iieg_octubre_2025_f674bc71,near,0.945,21a93305bd71c4d2917abf45c24e25de673479c5d89de1d8b705b1cf980f5386
boletin_economico_iieg_mayo_2024_47bd3321,boletin_economico_iieg_septiembre_2024_ea5c2c5f,near,0.945,4448577b24aae00bd0c894ec61bccb4da3ef3f4a4b18b7e4ebdba7c320133b5c
boletin_economico_iieg_mayo_2024_47bd3321,boletin_economico_2025,near,0.953,4b119a1e718edbc44405311c435029c074e970ec9e2eb73fa3c85d21c20fe4f1
boletin_economico_iieg_mayo_2024_47bd3321,boletin_economico_2025,near,0.948,ad7cdde561bd80b90896d68604460a088bda40803738ea8666064eb43ca74ced
boletin_economico_iieg_mayo_2024_47bd3321,boletin_economico_2025,near,0.947,2eefea54168121d504e9544ce94945b823f1d6002f954640f3f81c2c3015724d
boletin_economico_iieg_mayo_2024_47bd3321,boletin_economico_iieg_septiembre_2024_ea5c2c5f,near,0.947,61cb4cfed7d18fc44ce171f60b16368897e190495a686617a6b48239dc7efd44
boletin_economico_iieg_mayo_2024_47bd3321,boletin_economico_iieg_octubre_2025_f674bc71,near,0.942,7ea20240bff64221cb6e68d9c42cb6a0f1bf45996c1f5973786c97e28d156c8b
boletin_economico_iieg_mayo_2024_47bd3321,boletin_economico_2025,near,0.974,26b32b1d141449298910a4e2e498b3e0af200a1b053c5f14b225c49402c73e6f
boletin_economico_iieg_mayo_2024_47bd3321,boletin_economico_iieg_septiembre_2024_ea5c2c5f,near,0.977,76c1b02177e42e1c2725846c4246a208352ac3f4ebb143f06e03844b074e4b27
boletin_economico_iieg_mayo_2024_47bd3321,boletin_economico_iieg_enero_2025_1f358f8f,near,0.974,5de6947057686cedca83085879f13f4d71a6b9e01844ee93697e567f1672eefa
boletin_economico_iieg_mayo_2024_47bd3321,boletin_economico_iieg_enero_2025_1f358f8f,near,0.964,741cb0aab55d9db809c673e71f58c9112f6309989c738c48b5f9cb94dbddc0c6
boletin_economico_iieg_mayo_2024_47bd3321,boletin_economico_iieg_enero_2025_1f358f8f,near,0.954,72c2106e50eb44a569fafe51b5370c2fd60ef5aee70bec03c54f76e030d806ce
boletin_economico_iieg_mayo_2024_47bd3321,boletin_economico_iieg_septiembre_2024_ea5c2c5f,near,0.956,7a21b3b71f20dce06f597f7b770fcdd152cd1dedee531d9a5e8d3cd4d7a5446f
boletin_economico_iieg_mayo_2024_47bd3321,boletin_economico_jalisco_mayo_2025_09f3df80,near,0.941,99f11d4058f764caa37c8cae32d024d487fb64eb9054d5b24771dbeb5d229da2
boletin_economico_iieg_mayo_2024_47bd3321,boletin_economico_iieg_septiembre_2024_ea5c2c5f,near,0.949,3d0d7d9e5bb191077f2019b7a9b46b07a4a8beb383d0abbddd7d485d0ee4275c
boletin_economico_iieg_mayo_2024_47bd3321,boletin_economico_2025,near,0.943,b05d55de8e12bec27a31dbe3bb56362e0c0b32745adac1b21471c9b21161c624
boletin_economico_iieg_mayo_2024_47bd3321,boletin_economico_iieg_septiembre_2024_ea5c2c5f,near,0.953,5dbf9aaf66549331da6a634d97f4f6c989f800c0881d1902e785c65543320e4c
boletin_economico_iieg_mayo_2024_47bd3321,boletin_economico_2025,near,0.973,cba717619c786b2e404cdb2bc658b60218b243214c9b70dbc1026c29dd6b3ae6
boletin_economico_iieg_mayo_2024_47bd3321,boletin_economico_iieg_enero_2025_1f358f8f,near,0.943,1e6f0c5230ba8faf8f9ecf5b6143e3b2040c0c068607461017f887cca3961c01
boletin_economico_iieg_mayo_2024_47bd3321,boletin_economico_2025,near,0.961,7d66a1e67820a747504c05aa5730f98f5d9ac9e0412ca7aaf1228be2fa44102e
boletin_economico_iieg_mayo_2024_47bd3321,boletin_economico_jalisco_mayo_2025_09f3df80,near,0.949,61bb3e18916ab8073da1c2b0a5e081d61530b31800d66a6f6488d09a44d793f2
boletin_economico_iieg_mayo_2024_47bd3321,boletin_economico_jalisco_mayo_2025_09f3df80,near,0.961,0936df29dd20356c32ec5b4ba9c67c9bf5889d9f4ecf208a0c1d9a92017a188b
boletin_economico_iieg_mayo_2024_47bd3321,boletin_economico_jalisco_mayo_2025_09f3df80,near,0.978,6c16cadb487ec2eecc7f3f7cda9896d4e35c8ab6887fc72a26d3045efb0785d5
boletin_economico_iieg_mayo_2024_47bd3321,boletin_economico_2025,near,0.973,cba717619c786b2e404cdb2bc658b60218b243214c9b70dbc1026c29dd6b3ae6
boletin_economico_iieg_mayo_2024_47bd3321,boletin_economico_iieg_enero_2025_1f358f8f,near,0.946,d61a6c1ca3f19391fdba99fb1ebecc16566e0d308357cdafa173255f931fc7d4
boletin_economico_iieg_mayo_2024_47bd3321,boletin_economico_2025,near,0.961,7d66a1e67820a747504c05aa5730f98f5d9ac9e0412ca7aaf1228be2fa44102e
boletin_economico_iieg_mayo_2024_47bd3321,boletin_economico_jalisco_mayo_2025_09f3df80,near,0.951,3e771c701ae79c9e459fb927138a86b67ed54ac96c11ed72e43246021828945a
boletin_economico_iieg_mayo_2024_47bd3321,boletin_economico_2025,near,0.973,cba717619c786b2e404cdb2bc658b60218b243214c9b70dbc1026c29dd6b3ae6
boletin_economico_iieg_mayo_2024_47bd3321,boletin_economico_iieg_enero_2025_1f358f8f,near,0.971,cc52e2c528f20035764d254433eeda99b9e42110221ae5b5dc3b1d9bb7d22159
boletin_economico_iieg_mayo_2024_47bd3321,boletin_economico_2025,near,0.961,7d66a1e67820a747504c05aa5730f98f5d9ac9e0412ca7aaf1228be2fa44102e
boletin_economico_iieg_mayo_2024_47bd3321,boletin_economico_iieg_enero_2025_1f358f8f,near,0.940,8423ded18cee5de6af1e9adaf553de58ee9654166489a48e080511b9fb12592e
boletin_economico_iieg_mayo_2024_47bd3321,boletin_economico_2025,near,0.960,218737f5dfd841d777a6fd8db9102c275044d7a350b8ef146e0035fb71b2ed56
boletin_economico_iieg_mayo_2024_47bd3321,boletin_economico_iieg_enero_2025_1f358f8f,near,0.943,bf0d5077ed1041df8b2f3963b8037e6148ea6647280660919295d5490c2e82ea
boletin_economico_iieg_mayo_2024_47bd3321,boletin_economico_2025,near,0.960,d028f73920fffd636cdc950eb1791d1b4102c647b12d62da6ab9605114068646
boletin_economico_iieg_mayo_2024_47bd3321,boletin_economico_2025,near,0.977,627e7af9119d208fe873bb11d5ff9a529c1a184566da3e1c889248bf7569c18b
boletin_economico_iieg_mayo_2024_47bd3321,boletin_economico_2025,near,0.964,f76f9cf95ef7aab0daa7b8af5b8c68197635fbd6461089e8444b2a747c768b3d
boletin_economico_iieg_mayo_2024_47bd3321,boletin_economico_2025,near,0.971,74dc68df42e4cb0175686d6a85b531be512a644412159c5f350606dbe1f6763a
boletin_economico_iieg_mayo_2024_47bd3321,boletin_economico_iieg_enero_2025_1f358f8f,near,0.972,7989fe08b06953cae81e8bb9b137eb58ed2d123a01616b2e88dd900c7850d8a4
boletin_economico_iieg_mayo_2024_47bd3321,boletin_economico_iieg_septiembre_2024_ea5c2c5f,near,0.945,89275b78d702e9a80131df8bcde9d4c34e66a244918a7601ddb3f6ad0105b8cb
boletin_economico_iieg_mayo_2024_47bd3321,boletin_economico_2025,near,0.979,8304ccaca5fbbc81570d32a4c6b59c1354939c65cf82535fd0339aad97ed1a1e
boletin_economico_iieg_mayo_2024_47bd3321,boletin_economico_iieg_enero_2025_1f358f8f,near,0.957,a78ae8fadeebd6b8442a4673cc26ab495557509bd6624a8a7b7b508d50edbccd
boletin_economico_iieg_mayo_2024_47bd3321,boletin_economico_2025,near,0.975,8ea17992f4627772b5672657afc3616d39e99b9c46cbae7220eca8b1cd5836f9
boletin_economico_iieg_mayo_2024_47bd3321,boletin_economico_iieg_enero_2025_1f358f8f,near,0.944,1a941c80294914299be5129ef328390c29dc275c0fcec1b5ed80e6f42e8e778c
boletin_economico_iieg_mayo_2024_47bd3321,boletin_economico_2025,near,0.949,7fbc66de220e84c512a5a8212bb2752737ca25f5c3618ad4a4a9b034b04c8030
boletin_economico_iieg_mayo_2024_47bd3321,boletin_economico_iieg_enero_2025_1f358f8f,near,0.980,977fc39deb2627ae28ed40dae56d415b7bad73c194d571fbedc7eb78d0b8de72
boletin_economico_iieg_mayo_2024_47bd3321,boletin_economico_iieg_septiembre_2024_ea5c2c5f,near,0.982,27d48f460fc4ee6059c12d18ec22dd34c2d74ed7add16c4af113633d8d618f5e
boletin_economico_iieg_mayo_2024_47bd3321,boletin_economico_iieg_enero_2025_1f358f8f,near,0.942,256ccea8e98bc6023017cf85ee6ade79607f714813c91424276fd38838663b97
boletin_economico_iieg_mayo_2024_47bd3321,boletin_economico_iieg_septiembre_2024_ea5c2c5f,near,0.967,c15d9dbd2bd2f58520c3e885cf0cf914193c85b948082bc1d90d988b5dcada7e
boletin_economico_iieg_mayo_2024_47bd3321,boletin_economico_iieg_octubre_2025_f674bc71,near,0.942,0486ebaddb971eb52f9a5bbfbf83404c0bbf46ad5750e3a179e64c820cd0cb72
boletin_economico_iieg_mayo_2024_47bd3321,boletin_economico_2025,near,0.972,652a11eedd7691806085c734232bf88bcbb02ce83a24a518f631347df1ea3e0c
boletin_economico_iieg_mayo_2024_47bd3321,boletin_economico_iieg_septiembre_2024_ea5c2c5f,near,0.973,86c4c55abe034a31170f88be8338c4fc9e997769557f1d985d9bd6452b008b14
boletin_economico_iieg_mayo_2024_47bd3321,boletin_economico_iieg_septiembre_2024_ea5c2c5f,near,0.951,2e5e4abf6a35212337d3fcdb2e0c403e9e8549a1033b5410de6aa09ac4f6f851
boletin_economico_iieg_mayo_2024_47bd3321,boletin_economico_2025,near,0.972,652a11eedd7691806085c734232bf88bcbb02ce83a24a518f631347df1ea3e0c
boletin_economico_iieg_mayo_2024_47bd3321,boletin_economico_iieg_septiembre_2024_ea5c2c5f,near,0.953,7658a163fa75401da0d133b6352b3061e10db3ce1b398d4c744cd2868483f1f8
boletin_economico_iieg_mayo_2024_47bd3321,boletin_economico_iieg_enero_2025_1f358f8f,exact,1.000,49d72a2d61c6ac5babe997b08dfc51a196b0e4e74ce40512a487849b661dd149
boletin_economico_iieg_mayo_2024_47bd3321,boletin_economico_2025,near,0.967,4e71374fc963877dc8a5cd52c2e23244eee1cbac3264c422196eaf84fcd22881
boletin_economico_iieg_mayo_2024_47bd3321,boletin_economico_2025,near,0.967,4e71374fc963877dc8a5cd52c2e23244eee1cbac3264c422196eaf84fcd22881
boletin_economico_iieg_mayo_2024_47bd3321,boletin_economico_2025,near,0.971,8a0ad218f7ef8fe015915ad60de3e7a7c1887a44fdc45b4b0241d4e758f606c2
boletin_economico_iieg_mayo_2024_47bd3321,boletin_economico_2025,near,0.967,4e71374fc963877dc8a5cd52c2e23244eee1cbac3264c422196eaf84fcd22881
boletin_economico_iieg_mayo_2024_47bd3321,boletin_economico_2025,near,0.971,8a0ad218f7ef8fe015915ad60de3e7a7c1887a44fdc45b4b0241d4e758f606c2
boletin_economico_iieg_mayo_2024_47bd3321,boletin_economico_iieg_enero_2025_1f358f8f,near,0.970,4e9f1a6eaa5e2aeb10c6c0a1b37714149e2a2ee87e9e051019cc342e4d1f3f89
boletin_economico_iieg_mayo_2024_47bd3321,boletin_economico_jalisco_mayo_2025_09f3df80,near,0.964,506b310e5a9e3e39180ca6e5776355e80c1a06caa297d4abc82c2570807ea42c
boletin_economico_iieg_mayo_2024_47bd3321,boletin_economico_2025,near,0.964,e81f1ecd24a16581f25fce0a4ea0e1561a9c3219627d5e1905a0038c42052dfa
boletin_economico_iieg_mayo_2024_47bd3321,boletin_economico_2025,near,0.964,e81f1ecd24a16581f25fce0a4ea0e1561a9c3219627d5e1905a0038c42052dfa
boletin_economico_iieg_mayo_2024_47bd3321,boletin_economico_2025,near,0.955,eef9bdefe8da8bbd034f6d36c58f072ed6acac48206e61d74bdf43535809ae33
boletin_economico_iieg_mayo_2024_47bd3321,boletin_economico_2025,near,0.964,e81f1ecd24a16581f25fce0a4ea0e1561a9c3219627d5e1905a0038c42052dfa
boletin_economico_iieg_mayo_2024_47bd3321,boletin_economico_iieg_septiembre_2024_ea5c2c5f,near,0.948,aa361c29f349db1e85943975e4b8f42af38cb34d2b25d4e13e3a5c430edfebd6
boletin_economico_iieg_mayo_2024_47bd3321,boletin_economico_iieg_septiembre_2024_ea5c2c5f,near,0.997,66493cbddc2fc02ad74b18119f05700b3e40c563e93c849240ffa0485ed9fc2a
boletin_economico_iieg_mayo_2024_47bd3321,boletin_economico_iieg_septiembre_2024_ea5c2c5f,near,0.971,e0409f87e1e09161beeee548600769a7ac4e8920495299ff5d5cf8ad13f1ca2e
boletin_economico_iieg_mayo_2024_47bd3321,boletin_economico_iieg_septiembre_2024_ea5c2c5f,near,0.948,f91ae59ed30900cecfe12a123a2b5ed629b5e5d5fd7870f362f11c89e05f83ce
boletin_economico_iieg_mayo_2024_47bd3321,boletin_economico_iieg_septiembre_2024_ea5c2c5f,near,0.952,07f5eafca6e965868b9af110441d49b7b66bac326401cba8822f07b5e2e0d434
boletin_economico_iieg_enero_2024_cf9b270e,boletin_economico_iieg_septiembre_2024_ea5c2c5f,exact,1.000,788b0eea0f17d05004b566cdc9411bbc5cf601cf0421cceed56f240164a56a17
boletin_economico_iieg_enero_2024_cf9b270e,boletin_economico_iieg_octubre_2025_f674bc71,near,0.944,3a1ff6c292e95ce2af685fde48b9af11d372935cc0592c7e85c10544e7302982
boletin_economico_iieg_enero_2024_cf9b270e,boletin_economico_iieg_enero_2025_1f358f8f,near,0.965,40cc1dace11cb79d6eec33420bb6b8a85a5af6ae7ea2fc2dd3afcd9912f3d3a4
boletin_economico_iieg_enero_2024_cf9b270e,boletin_economico_iieg_enero_2024_cf9b270e,exact,1.000,b2b1a353e1771935a5eeeb336c6f0a447792c1a1cfb32b17be2ea8dc94133bbf
boletin_economico_iieg_enero_2024_cf9b270e,boletin_economico_iieg_septiembre_2024_ea5c2c5f,exact,1.000,a36e0d2293efddf8f39f762024edcec02eb6c13bd4d0cf727c9cb96e60dc1a28
boletin_economico_iieg_enero_2024_cf9b270e,boletin_economico_iieg_septiembre_2024_ea5c2c5f,near,0.960,5b2bb29ff42d958ff9d7bf6e59a669448a5bd5cdd9889631a0dfd513002de3b8
boletin_economico_iieg_enero_2024_cf9b270e,boletin_economico_iieg_septiembre_2024_ea5c2c5f,near,0.949,3f8e5cddb5cdaca6a901cff1694a2596896a92332b45cf79a97acf466c0aaadb
boletin_economico_iieg_enero_2024_cf9b270e,boletin_economico_iieg_enero_2025_1f358f8f,near,0.964,96bc6dfdb8a3726c824198debe18fce84dad9d3d98432b131734f2ee44a0e2cb
boletin_economico_iieg_enero_2024_cf9b270e,boletin_economico_iieg_enero_2025_1f358f8f,near,0.946,f4ef09ea946ccd88832d1f5c1201d3984b066373146dbc44789915fab73ae550
boletin_economico_iieg_enero_2024_cf9b270e,boletin_economico_2025,near,0.990,23d20657809c4ee1a6434eb8e17cc2414b9c47af3e84d54a9b98f667661c17e6
boletin_economico_iieg_enero_2024_cf9b270e,boletin_economico_2025,near,0.990,23d20657809c4ee1a6434eb8e17cc2414b9c47af3e84d54a9b98f667661c17e6
boletin_economico_iieg_enero_2024_cf9b270e,boletin_economico_2025,near,0.978,c3eec0b0c9ce3a2a28596449dd386ebe853bcaacd21091374296d6d37e6dd7d7
boletin_economico_iieg_enero_2024_cf9b270e,boletin_economico_iieg_septiembre_2024_ea5c2c5f,near,0.972,c5246ca9fab35adcc8918902528d49fa09895b0dbe4b565ff039cfa880768277
boletin_economico_iieg_enero_2024_cf9b270e,boletin_economico_2025,near,0.947,1fd97c909fe4b730f00f33264d1284175fd1c6bc171748e66fdbb1b395a47d4d
boletin_economico_iieg_enero_2024_cf9b270e,boletin_economico_iieg_mayo_2024_47bd3321,near,0.940,fac601c25b3dca67e745388e1e197bab6c2f5fd81711236e5e209e1b6ea5411c
boletin_economico_iieg_enero_2024_cf9b270e,boletin_economico_iieg_octubre_2025_f674bc71,near,0.952,248a6b706c4330b5cb840c174d5e3ba8819d165fe663a80679c3bf56885fd2b5
boletin_economico_iieg_enero_2024_cf9b270e,boletin_economico_2025,near,0.941,ee231b078754e0b0b3f5a76ce09190710268aebff867bdd76a04ff1b6af2ef3f
boletin_economico_iieg_enero_2024_cf9b270e,boletin_economico_2025,near,0.948,6d959a410d31d98bdb92fc45753077ee8d41fabd30f6c761dca2673c502b9f2f
boletin_economico_iieg_enero_2024_cf9b270e,boletin_economico_2025,near,0.951,53394143c13e01f7ee8bc53e1009550fa903b1f389aa3939542ef49d883343f6
boletin_economico_iieg_enero_2024_cf9b270e,boletin_economico_2025,near,0.973,9cfb25b28c682cc3d2df42c6c5cea83c0d2501c7f76622e99c6cd2caa47cb8e7
boletin_economico_iieg_enero_2024_cf9b270e,boletin_economico_iieg_septiembre_2024_ea5c2c5f,near,0.961,53be334c95dd3408563e52741741a0d4d429e965805bceca24b3b498805ffd52
boletin_economico_iieg_enero_2024_cf9b270e,boletin_economico_iieg_enero_2025_1f358f8f,near,0.968,ca2c3a9931a898e369fe8bcf21f11f993137183cccb336e777a7a46d19740ff6
boletin_economico_iieg_enero_2024_cf9b270e,boletin_economico_iieg_enero_2025_1f358f8f,near,0.963,04485716a9a14d49b6d84eca2a3c3cbd911e283d6bf2966d2d24b169b4f62a37
boletin_economico_iieg_enero_2024_cf9b270e,boletin_economico_iieg_septiembre_2024_ea5c2c5f,near,0.951,8ecfd6455197436b32621df2de1447d136919ff01bb1488c9f2a2acbb053109e
boletin_economico_iieg_enero_2024_cf9b270e,boletin_economico_iieg_septiembre_2024_ea5c2c5f,near,0.969,9075c196c0e4839655f35e123ddb9012eecab7a02110a9836b85d90d0199d33a
boletin_economico_iieg_enero_2024_cf9b270e,boletin_economico_iieg_octubre_2025_f674bc71,near,0.970,1eb98982065f1d2654d54db17076468aaa0ad6ca98d7bdfcfd914e7a30758526
boletin_economico_iieg_enero_2024_cf9b270e,boletin_economico_2025,near,0.973,cba717619c786b2e404cdb2bc658b60218b243214c9b70dbc1026c29dd6b3ae6
boletin_economico_iieg_enero_2024_cf9b270e,boletin_economico_2025,near,0.961,7d66a1e67820a747504c05aa5730f98f5d9ac9e0412ca7aaf1228be2fa44102e
boletin_economico_iieg_enero_2024_cf9b270e,boletin_economico_jalisco_mayo_2025_09f3df80,near,0.978,5b784989ab13e9057a572b2d85531c2a5829b710ecb553927f45777f5633eb83
boletin_economico_iieg_enero_2024_cf9b270e,boletin_economico_2025,near,0.973,cba717619c786b2e404cdb2bc658b60218b243214c9b70dbc1026c29dd6b3ae6
boletin_economico_iieg_enero_2024_cf9b270e,boletin_economico_iieg_enero_2025_1f358f8f,near,0.956,552aca3cfd5b807080f6655de738ba2d7795f5ef0d3c3382a6041aef80753515
boletin_economico_iieg_enero_2024_cf9b270e,boletin_economico_2025,near,0.961,7d66a1e67820a747504c05aa5730f98f5d9ac9e0412ca7aaf1228be2fa44102e
boletin_economico_iieg_enero_2024_cf9b270e,boletin_economico_2025,near,0.973,cba717619c786b2e404cdb2bc658b60218b243214c9b70dbc1026c29dd6b3ae6
boletin_economico_iieg_enero_2024_cf9b270e,boletin_economico_iieg_enero_2025_1f358f8f,near,0.986,aa495e4c6f41a74e62ca2524b3be17e973ec582109063c6aa44ecd0a3ab67fcd
boletin_economico_iieg_enero_2024_cf9b270e,boletin_economico_2025,near,0.961,7d66a1e67820a747504c05aa5730f98f5d9ac9e0412ca7aaf1228be2fa44102e
boletin_economico_iieg_enero_2024_cf9b270e,boletin_economico_iieg_enero_2025_1f358f8f,near,0.952,2f7ebbe272ff200d1eeec6417e3509768fee04d3484600212f825ecfbc871816
boletin_economico_iieg_enero_2024_cf9b270e,boletin_economico_iieg_enero_2025_1f358f8f,near,0.968,90ecf07b154851367989c5d23b90f17cc6999e6d5cf79b96d02cdb6ac5ded79b
boletin_economico_iieg_enero_2024_cf9b270e,boletin_economico_2025,near,0.960,218737f5dfd841d777a6fd8db9102c275044d7a350b8ef146e0035fb71b2ed56
boletin_economico_iieg_enero_2024_cf9b270e,boletin_economico_iieg_enero_2025_1f358f8f,near,0.947,a3771bd417ad56ca018d3ddc67e26df581c1e94edf0815e33c8020da712a0359
boletin_economico_iieg_enero_2024_cf9b270e,boletin_economico_2025,near,0.960,d028f73920fffd636cdc950eb1791d1b4102c647b12d62da6ab9605114068646
boletin_economico_iieg_enero_2024_cf9b270e,boletin_economico_2025,near,0.977,627e7af9119d208fe873bb11d5ff9a529c1a184566da3e1c889248bf7569c18b
boletin_economico_iieg_enero_2024_cf9b270e,boletin_economico_2025,near,0.968,298700503133c9b4f8ac4d702a3b1d4f7b31d03be530d609fd7db1222a4677f4
boletin_economico_iieg_enero_2024_cf9b270e,boletin_economico_2025,near,0.971,74dc68df42e4cb0175686d6a85b531be512a644412159c5f350606dbe1f6763a
boletin_economico_iieg_enero_2024_cf9b270e,boletin_economico_2025,near,0.979,8304ccaca5fbbc81570d32a4c6b59c1354939c65cf82535fd0339aad97ed1a1e
boletin_economico_iieg_enero_2024_cf9b270e,boletin_economico_2025,near,0.975,8ea17992f4627772b5672657afc3616d39e99b9c46cbae7220eca8b1cd5836f9
boletin_economico_iieg_enero_2024_cf9b270e,boletin_economico_iieg_mayo_2024_47bd3321,near,0.951,d1c698ed74829ed26c5c18529127d4552bd05b33d0cf3f03151d12acf45ca829
boletin_economico_iieg_enero_2024_cf9b270e,boletin_economico_iieg_enero_2025_1f358f8f,near,0.945,aa7089ffe461b3535fa5e89e6e883cacf11f54622d213ea4e115894b216f5784
boletin_economico_iieg_enero_2024_cf9b270e,boletin_economico_jalisco_mayo_2025_09f3df80,near,0.942,c70f9987a9281b70ed32df0712b80136e669d9cb824625f0437f46b7b21d36f8
boletin_economico_iieg_enero_2024_cf9b270e,boletin_economico_2025,near,0.946,52dcbf3de92870e6d7a67b6ec2fdc0af2e7061ec54e4d8dd1381b4ddd98f8c09
boletin_economico_iieg_enero_2024_cf9b270e,boletin_economico_iieg_septiembre_2024_ea5c2c5f,near,0.983,af4dd56ef0b6df3f20c9ee1e9c4c1f7fd585ac5235002f4b5126e4403bc11315
boletin_economico_iieg_enero_2024_cf9b270e,boletin_economico_jalisco_mayo_2025_09f3df80,near,0.965,2ca2a05022c066298a38ce3b598fa00e1645578b00e0b540241f6fc0812326cf
boletin_economico_iieg_enero_2024_cf9b270e,boletin_economico_iieg_septiembre_2024_ea5c2c5f,near,0.959,8631a2e0dae38107388b68df406428b7ecedeb46280045f2598f3868b21e8521
boletin_economico_iieg_enero_2024_cf9b270e,boletin_economico_iieg_enero_2025_1f358f8f,near,0.967,9cbe2362492ca2520e7f86fa659f9a037deabc6ff72b8de11f68c3d97e39be0b
boletin_economico_iieg_enero_2024_cf9b270e,boletin_economico_2025,near,0.972,652a11eedd7691806085c734232bf88bcbb02ce83a24a518f631347df1ea3e0c
boletin_economico_iieg_enero_2024_cf9b270e,boletin_economico_2025,near,0.972,652a11eedd7691806085c734232bf88bcbb02ce83a24a518f631347df1ea3e0c
boletin_economico_iieg_enero_2024_cf9b270e,boletin_economico_iieg_enero_2025_1f358f8f,exact,1.000,49d72a2d61c6ac5babe997b08dfc51a196b0e4e74ce40512a487849b661dd149
boletin_economico_iieg_enero_2024_cf9b270e,boletin_economico_iieg_mayo_2024_47bd3321,near,0.965,4a485934c5ad126c9b0c493bd18a5161bfb66ed46bd07d2c8fa6dc642e994811
boletin_economico_iieg_enero_2024_cf9b270e,boletin_economico_2025,near,0.967,4e71374fc963877dc8a5cd52c2e23244eee1cbac3264c422196eaf84fcd22881
boletin_economico_iieg_enero_2024_cf9b270e,boletin_economico_2025,near,0.967,4e71374fc963877dc8a5cd52c2e23244eee1cbac3264c422196eaf84fcd22881
boletin_economico_iieg_enero_2024_cf9b270e,boletin_economico_iieg_enero_2025_1f358f8f,near,0.959,830cc585d3d83f68d42bfce6c5adc2fc2f7ebda709f32f1e044d164e4553fbf2
boletin_economico_iieg_enero_2024_cf9b270e,boletin_economico_2025,near,0.971,8a0ad218f7ef8fe015915ad60de3e7a7c1887a44fdc45b4b0241d4e758f606c2
boletin_economico_iieg_enero_2024_cf9b270e,boletin_economico_iieg_mayo_2024_47bd3321,near,0.969,bbda2c7ecac33801db690fb3f7cebf086661f2368948f5729d33150be67fda27
boletin_economico_iieg_enero_2024_cf9b270e,boletin_economico_2025,near,0.967,4e71374fc963877dc8a5cd52c2e23244eee1cbac3264c422196eaf84fcd22881
boletin_economico_iieg_enero_2024_cf9b270e,boletin_economico_2025,near,0.971,8a0ad218f7ef8fe015915ad60de3e7a7c1887a44fdc45b4b0241d4e758f606c2
boletin_economico_iieg_enero_2024_cf9b270e,boletin_economico_iieg_enero_2025_1f358f8f,near,0.943,a6c538d08202088cc083fa60386e15944073a83532f02016b59ecabef2638baf
boletin_economico_iieg_enero_2024_cf9b270e,boletin_economico_iieg_enero_2025_1f358f8f,near,0.970,3e1f4eb6ac1d1eef89d4656922d8d3eeff62dcfb4a30f6105ad11276b2fe45eb
boletin_economico_iieg_enero_2024_cf9b270e,boletin_economico_2025,near,0.964,e81f1ecd24a16581f25fce0a4ea0e1561a9c3219627d5e1905a0038c42052dfa
boletin_economico_iieg_enero_2024_cf9b270e,boletin_economico_2025,near,0.964,e81f1ecd24a16581f25fce0a4ea0e1561a9c3219627d5e1905a0038c42052dfa
boletin_economico_iieg_enero_2024_cf9b270e,boletin_economico_2025,near,0.945,367a9e9524743be908a41c8aea47af05f70bd254e38868e424bdfc8910296b62
boletin_economico_iieg_enero_2024_cf9b270e,boletin_economico_2025,near,0.964,e81f1ecd24a16581f25fce0a4ea0e1561a9c3219627d5e1905a0038c42052dfa
boletin_economico_iieg_enero_2024_cf9b270e,boletin_economico_iieg_mayo_2024_47bd3321,near,0.959,1c49ea640b087b5348dd32616ba391db8f31bf6bb63dbfd3fc97c6c008bf15f7
boletin_economico_iieg_enero_2024_cf9b270e,boletin_economico_iieg_mayo_2024_47bd3321,near,0.942,39ade69aa75c77e0bed832fd7726bd2713c9f76ab7cc9e9cdb61c6d2e165a416
boletin_economico_iieg_enero_2024_cf9b270e,boletin_economico_iieg_mayo_2024_47bd3321,near,0.941,024e64ad75eca862c5cafda05e3356bc3bd7f74c6cf99122366ebe15d7acfcf8
boletin_economico_iieg_enero_2024_cf9b270e,boletin_economico_iieg_septiembre_2024_ea5c2c5f,near,0.997,66493cbddc2fc02ad74b18119f05700b3e40c563e93c849240ffa0485ed9fc2a
boletin_economico_iieg_enero_2024_cf9b270e,boletin_economico_iieg_septiembre_2024_ea5c2c5f,near,0.971,e0409f87e1e09161beeee548600769a7ac4e8920495299ff5d5cf8ad13f1ca2e
boletin_economico_iieg_enero_2024_cf9b270e,boletin_economico_iieg_septiembre_2024_ea5c2c5f,near,0.948,f91ae59ed30900cecfe12a123a2b5ed629b5e5d5fd7870f362f11c89e05f83ce
boletin_economico_iieg_enero_2024_cf9b270e,boletin_economico_iieg_septiembre_2024_ea5c2c5f,near,0.966,6dbef80bb9ace70b612b264ba082f6208a0917b6ee24ba215df76b55577b7bca
boletin_economico_iieg_enero_2024_cf9b270e,boletin_economico_iieg_mayo_2024_47bd3321,exact,1.000,5e378cd6a3de4e1e546dba416efd0aaed963167f914c775eb9a8b75e4d0dc262
boletin_economico_iieg_enero_2024_cf9b270e,boletin_economico_iieg_mayo_2024_47bd3321,exact,1.000,74c7afb55a89460f4a01d2287f5b2034804626f8ed4cbbb267fa6697c5c4c774
boletin_economico_iieg_enero_2024_cf9b270e,boletin_economico_iieg_mayo_2024_47bd3321,exact,1.000,084435e3c7cb09b0ded77b1504e3a3190542db3446870ad1c47096e0af2028dc
boletin_economico_iieg_enero_2024_cf9b270e,boletin_economico_iieg_mayo_2024_47bd3321,exact,1.000,4b2a44d8042f406d6c2457cbf7a6e43725a98998785ab3c30027c3da50456583
boletin_economico_iieg_enero_2024_cf9b270e,boletin_economico_iieg_mayo_2024_47bd3321,exact,1.000,c3bb674dc1b44c9f8e2f40e46515122ebde194b93991618bcced5d08ab61582c
boletin_economico_iieg_septiembre_20231002_e9c4d7d3,boletin_economico_iieg_septiembre_2024_ea5c2c5f,exact,1.000,788b0eea0f17d05004b566cdc9411bbc5cf601cf0421cceed56f240164a56a17
boletin_economico_iieg_septiembre_20231002_e9c4d7d3,boletin_economico_iieg_septiembre_2024_ea5c2c5f,near,0.961,08260e1a250cace33153f601a73e98b48a56903c49b82aa22e1faed633bf920e
boletin_economico_iieg_septiembre_20231002_e9c4d7d3,boletin_economico_iieg_septiembre_2024_ea5c2c5f,near,0.979,732f43f974ab3a964604f9a773945fcbebf0ed3c2ff74d5a0b6b562bbd424a99
boletin_economico_iieg_septiembre_20231002_e9c4d7d3,boletin_economico_iieg_septiembre_2024_ea5c2c5f,near,0.994,9c04682d8debe630f4ab46a7f466594ebb58acc4a4159bb8a605d1fcf6222538
boletin_economico_iieg_septiembre_20231002_e9c4d7d3,boletin_economico_iieg_septiembre_2024_ea5c2c5f,near,0.964,f636ce606e99f71e6ace8548a14d62cbf76899f8e6e9330ff4f42bb82d798d04
boletin_economico_iieg_septiembre_20231002_e9c4d7d3,boletin_economico_2025,near,0.951,62539a621c1cb7921e3730947d4505af69db837facd5ce1a24d60dd929f31c46
boletin_economico_iieg_septiembre_20231002_e9c4d7d3,boletin_economico_iieg_enero_2024_cf9b270e,near,0.989,76efb6468f55039db066087adf54de16f3159ad8105a761af307262ac02ea279
boletin_economico_iieg_septiembre_20231002_e9c4d7d3,boletin_economico_iieg_enero_2024_cf9b270e,near,0.953,55b31ad596c5b54d690f6c17c63b7a0e26e3344661a888442f7a877964744c3d
boletin_economico_iieg_septiembre_20231002_e9c4d7d3,boletin_economico_iieg_enero_2024_cf9b270e,exact,1.000,b2b1a353e1771935a5eeeb336c6f0a447792c1a1cfb32b17be2ea8dc94133bbf
boletin_economico_iieg_septiembre_20231002_e9c4d7d3,boletin_economico_iieg_enero_2024_cf9b270e,near,0.947,7e6fa4f8085b6209da994ddfc464c010dad175a6fa36682faf8efdb4ac4dd804
boletin_economico_iieg_septiembre_20231002_e9c4d7d3,boletin_economico_iieg_enero_2024_cf9b270e,exact,1.000,a00513f09b9b5383947c867bc0a4c67465047ae7c4b71fb682b040e341cd09e0
boletin_economico_iieg_septiembre_20231002_e9c4d7d3,boletin_economico_iieg_enero_2024_cf9b270e,near,0.949,2d16c719cfeef49ccf70ed680cfae3c59ad2016114ebc606c6bbd088d3de8344
boletin_economico_iieg_septiembre_20231002_e9c4d7d3,boletin_economico_iieg_enero_2024_cf9b270e,exact,1.000,b2b1a353e1771935a5eeeb336c6f0a447792c1a1cfb32b17be2ea8dc94133bbf
boletin_economico_iieg_septiembre_20231002_e9c4d7d3,boletin_economico_iieg_mayo_2024_47bd3321,near,0.950,34982f0ec50c7e3b341de8bd8767bd9b4f9e5da4c2363d3c7ea94b412a5e0b84
boletin_economico_iieg_septiembre_20231002_e9c4d7d3,boletin_economico_iieg_enero_2025_1f358f8f,exact,1.000,07db2d124aa376de8ce5eca2e7fd484dd0584f0296b49c49e77ba15a31ef89c1
boletin_economico_iieg_septiembre_20231002_e9c4d7d3,boletin_economico_iieg_septiembre_2024_ea5c2c5f,near,0.952,1e86555d4c0b01d7bcf80b34af7ce168fb2abe24cdabbff09373d64e3af74c72
boletin_economico_iieg_septiembre_20231002_e9c4d7d3,boletin_economico_iieg_septiembre_2024_ea5c2c5f,near,0.952,36dbae7ea24332ddb163606295243c481cd81bcd1e4a00c8b615bcddab697ea3
boletin_economico_iieg_septiembre_20231002_e9c4d7d3,boletin_economico_iieg_septiembre_2024_ea5c2c5f,near,0.944,3498eea7227fda962fc54787abc79da16af9b820a0c45c60bf19817075cb917c
boletin_economico_iieg_septiembre_20231002_e9c4d7d3,boletin_economico_iieg_mayo_2024_47bd3321,near,0.941,2b19051ab2fd4e6751d224cfdf620b6be6c8d7f4e99ba4f1f97c88f2f432be71
boletin_economico_iieg_septiembre_20231002_e9c4d7d3,boletin_economico_jalisco_mayo_2025_09f3df80,near,0.942,546590cd91c1d0db68715102adbde62e12c33ad984ac5c64097a7dd02cb74d71
boletin_economico_iieg_septiembre_20231002_e9c4d7d3,boletin_economico_iieg_septiembre_2024_ea5c2c5f,near,0.968,c5af10ebecbe268621d91e221f13679b799d813863958983838f48fd648ba495
boletin_economico_iieg_septiembre_20231002_e9c4d7d3,boletin_economico_iieg_enero_2024_cf9b270e,near,0.963,6566163b894511c53a5747af04482edf937cdb27f9e074e18c296d0f2e4bb837
boletin_economico_iieg_septiembre_20231002_e9c4d7d3,boletin_economico_iieg_enero_2024_cf9b270e,near,0.974,bb9721c23f9410d66b39f70c56ff601f9314b6cbbce4f46b69dae6e644dd49e4
boletin_economico_iieg_septiembre_20231002_e9c4d7d3,boletin_economico_2025,near,0.990,23d20657809c4ee1a6434eb8e17cc2414b9c47af3e84d54a9b98f667661c17e6
boletin_economico_iieg_septiembre_20231002_e9c4d7d3,boletin_economico_2025,near,0.990,23d20657809c4ee1a6434eb8e17cc2414b9c47af3e84d54a9b98f667661c17e6
boletin_economico_iieg_septiembre_20231002_e9c4d7d3,boletin_economico_iieg_septiembre_2024_ea5c2c5f,near,0.955,37ce7b89a37fae15f7503264c30a3d125379aa151d92af9f9aa906a11797177c
boletin_economico_iieg_septiembre_20231002_e9c4d7d3,boletin_economico_2025,near,0.990,23d20657809c4ee1a6434eb8e17cc2414b9c47af3e84d54a9b98f667661c17e6
boletin_economico_iieg_septiembre_20231002_e9c4d7d3,boletin_economico_2025,near,0.978,c3eec0b0c9ce3a2a28596449dd386ebe853bcaacd21091374296d6d37e6dd7d7
boletin_economico_iieg_septiembre_20231002_e9c4d7d3,boletin_economico_iieg_septiembre_2024_ea5c2c5f,near,0.980,fa6af41c1640eb1f2c7cb52bf789bc6c098fd0928058ea871c8b3986aa74a7c6
boletin_economico_iieg_septiembre_20231002_e9c4d7d3,boletin_economico_2025,near,0.943,f9efe4c88702c446fa9563a5c05c066fe249339629ceeaff61d956fdf4fd4ebf
boletin_economico_iieg_septiembre_20231002_e9c4d7d3,boletin_economico_iieg_mayo_2024_47bd3321,near,0.945,5b9e9bbbc41848278257a5e92fc6d47dc518f375f61e6984e3cab60e61ec2405
boletin_economico_iieg_septiembre_20231002_e9c4d7d3,boletin_economico_iieg_enero_2024_cf9b270e,near,0.980,eef68c740904cbb14b277398e4efd101868baec9420d0122d55fac2680665c20
boletin_economico_iieg_septiembre_20231002_e9c4d7d3,boletin_economico_iieg_septiembre_2024_ea5c2c5f,near,0.942,95071520f41174224419c38154b18540fbd4fd47447a68025f426580e6030fec
boletin_economico_iieg_septiembre_20231002_e9c4d7d3,boletin_economico_2025,near,0.942,d5b91999e988b069b8415941bcc4cd120685796ab476c27ecff0ab9cf7f1396a
boletin_economico_iieg_septiembre_20231002_e9c4d7d3,boletin_economico_2025,near,0.946,2e5cbf6f1cc2f8465b14053627c20553a643346e33831ede4d340e3fe603aa68
boletin_economico_iieg_septiembre_20231002_e9c4d7d3,boletin_economico_2025,near,0.943,1a890c02eb52a5a3b59166834b46b87ee3f3715478b9ecb7874687070f245334
boletin_economico_iieg_septiembre_20231002_e9c4d7d3,boletin_economico_iieg_septiembre_2024_ea5c2c5f,near,0.947,a50a7db2b419f782f9844fbb2b2a9523844a4c57738e0ab68aa3dc9704c8a2b8
boletin_economico_iieg_septiembre_20231002_e9c4d7d3,boletin_economico_iieg_enero_2024_cf9b270e,near,0.945,d0e9d07379f68aae4b9457cbbcb0c2196c7f0b7d7a3e5fad12239bad7199a569
boletin_economico_iieg_septiembre_20231002_e9c4d7d3,boletin_economico_2025,near,0.974,9e4a03540b8b1188c5370f60d0437d3e42cd757039495500965d43af88234b7d
boletin_economico_iieg_septiembre_20231002_e9c4d7d3,boletin_economico_iieg_septiembre_2024_ea5c2c5f,near,0.975,95281cd2fee66456f90e93fa9b33b54c6f52c9ec520aff0634a207b2821ca82f
boletin_economico_iieg_septiembre_20231002_e9c4d7d3,boletin_economico_iieg_enero_2025_1f358f8f,near,0.963,a6f5341b3df36b7bcdb3ac0e0a0bcbf829f0284f7241f77238626265353ce9d8
boletin_economico_iieg_septiembre_20231002_e9c4d7d3,boletin_economico_iieg_enero_2025_1f358f8f,near,0.948,af8def2af3820272d79298151a5d7435388b676640cb5a8515da8f45cb35d073
boletin_economico_iieg_septiembre_20231002_e9c4d7d3,boletin_economico_iieg_septiembre_2024_ea5c2c5f,near,0.955,c8f3905772243b85a0531786b3a8e117658d34002a0b2ea59ca1ca34fa01b4eb
boletin_economico_iieg_septiembre_20231002_e9c4d7d3,boletin_economico_iieg_septiembre_2024_ea5c2c5f,near,0.985,c9b0ce1e08ad0d4b07319a72121f229e97965e0580f85bc5c97000dd2eab4180
boletin_economico_iieg_septiembre_20231002_e9c4d7d3,boletin_economico_iieg_enero_2024_cf9b270e,near,0.946,3c0addd40bccd7451ddbe2e4a797d34f919efebd0ee0d3cef61fc07dd753a132
boletin_economico_iieg_septiembre_20231002_e9c4d7d3,boletin_economico_iieg_septiembre_2024_ea5c2c5f,near,0.948,5f274c9e89a7fd195ea064268a0fc4904e6565dfcf331797f6cd2a24c1cb6982
boletin_economico_iieg_septiembre_20231002_e9c4d7d3,boletin_economico_2025,near,0.973,cba717619c786b2e404cdb2bc658b60218b243214c9b70dbc1026c29dd6b3ae6
boletin_economico_iieg_septiembre_20231002_e9c4d7d3,boletin_economico_iieg_septiembre_2024_ea5c2c5f,near,0.963,8d84f0a3fe28165efe76a4b31b70280661b2f87eb4176180e963d28dd2c143b8
boletin_economico_iieg_septiembre_20231002_e9c4d7d3,boletin_economico_2025,near,0.961,7d66a1e67820a747504c05aa5730f98f5d9ac9e0412ca7aaf1228be2fa44102e
boletin_economico_iieg_septiembre_20231002_e9c4d7d3,boletin_economico_iieg_enero_2024_cf9b270e,near,0.953,f94e6edcbd8e969ff62eaca5a9f5e77aa55af971b1e36c340bc3ad9027989896
boletin_economico_iieg_septiembre_20231002_e9c4d7d3,boletin_economico_iieg_enero_2024_cf9b270e,near,0.974,7713892c5714bd59b01d80fd5fc0c1ee7e247074501db984f36f2499efef727f
boletin_economico_iieg_septiembre_20231002_e9c4d7d3,boletin_economico_iieg_septiembre_2024_ea5c2c5f,near,0.988,8a084bb815a2412dcd69e2dd401729a1bc5bd6b1deaf9fd693db2ffd6c4cfed5
boletin_economico_iieg_septiembre_20231002_e9c4d7d3,boletin_economico_iieg_enero_2024_cf9b270e,near,0.973,528833f47203a88af15a1fd1abf17684c072f281141ea0230e3a466ecec02f24
boletin_economico_iieg_septiembre_20231002_e9c4d7d3,boletin_economico_jalisco_mayo_2025_09f3df80,near,0.973,d8d55c1301c5d0db6b134d53878dcd72bcfa3240b63c58b27f190d66dd031be9
boletin_economico_iieg_septiembre_20231002_e9c4d7d3,boletin_economico_iieg_enero_2024_cf9b270e,near,0.951,ea65d3bb732e44be1e8c46ec29a54230ffcc4f57453e45cac2b0718a42dad067
boletin_economico_iieg_septiembre_20231002_e9c4d7d3,boletin_economico_2025,near,0.973,cba717619c786b2e404cdb2bc658b60218b243214c9b70dbc1026c29dd6b3ae6
boletin_economico_iieg_septiembre_20231002_e9c4d7d3,boletin_economico_2025,near,0.961,7d66a1e67820a747504c05aa5730f98f5d9ac9e0412ca7aaf1228be2fa44102e
boletin_economico_iieg_septiembre_20231002_e9c4d7d3,boletin_economico_2025,near,0.973,cba717619c786b2e404cdb2bc658b60218b243214c9b70dbc1026c29dd6b3ae6
boletin_economico_iieg_septiembre_20231002_e9c4d7d3,boletin_economico_iieg_enero_2025_1f358f8f,near,0.966,61d09e896c827c9f0b6b30b525111395c53704ff427b6c2f822ccb124f0b8243
boletin_economico_iieg_septiembre_20231002_e9c4d7d3,boletin_economico_2025,near,0.961,7d66a1e67820a747504c05aa5730f98f5d9ac9e0412ca7aaf1228be2fa44102e
boletin_economico_iieg_septiembre_20231002_e9c4d7d3,boletin_economico_iieg_mayo_2024_47bd3321,near,0.951,720d2cfc9746a272ac8b3f8d91ac6aec61256710ca1075adab90799e2d4efcfc
boletin_economico_iieg_septiembre_20231002_e9c4d7d3,boletin_economico_iieg_septiembre_2024_ea5c2c5f,near,0.944,5c0e68fe87a1255468665323a565e1deea1aa7c3b7a65600b0a9dfe44939a59a
boletin_economico_iieg_septiembre_20231002_e9c4d7d3,boletin_economico_iieg_enero_2025_1f358f8f,near,0.971,17402e616302d0e31b468d8875c1afc779ae3ae1e948d9b84fc65dcd484f33de
boletin_economico_iieg_septiembre_20231002_e9c4d7d3,boletin_economico_2025,near,0.960,218737f5dfd841d777a6fd8db9102c275044d7a350b8ef146e0035fb71b2ed56
boletin_economico_iieg_septiembre_20231002_e9c4d7d3,boletin_economico_iieg_enero_2025_1f358f8f,near,0.950,896b11d6ad988ab5666e8bc91b0dcb8e4d144c318ee7b32a7c765390ea48166b
boletin_economico_iieg_septiembre_20231002_e9c4d7d3,boletin_economico_2025,near,0.960,d028f73920fffd636cdc950eb1791d1b4102c647b12d62da6ab9605114068646
boletin_economico_iieg_septiembre_20231002_e9c4d7d3,boletin_economico_2025,near,0.977,627e7af9119d208fe873bb11d5ff9a529c1a184566da3e1c889248bf7569c18b
boletin_economico_iieg_septiembre_20231002_e9c4d7d3,boletin_economico_2025,near,0.958,8a9e8daab03d1c200249bdb7a51f553d3178854a2dcd2b88f63847acb26505fe
boletin_economico_iieg_septiembre_20231002_e9c4d7d3,boletin_economico_2025,near,0.971,e383fb1a2dbd0d530e2236ad54063b2b13df91aa20a96633d50596712f1e8575
boletin_economico_iieg_septiembre_20231002_e9c4d7d3,boletin_economico_iieg_enero_2024_cf9b270e,near,0.960,2f3d22609844ac8540c5e0077c7ef19ac97c8ff93c7486667fd81ee85875404e
boletin_economico_iieg_septiembre_20231002_e9c4d7d3,boletin_economico_2025,near,0.966,4fad5ee90aac7790161e3d44df7521550eed5f952d83a1b0d4f4076d31f442c4
boletin_economico_iieg_septiembre_20231002_e9c4d7d3,boletin_economico_jalisco_mayo_2025_09f3df80,near,0.948,01b7076992c997bbf1e22c09b429448f245dcc41507d3c692555aae0f4c27a9d
boletin_economico_iieg_septiembre_20231002_e9c4d7d3,boletin_economico_2025,near,0.961,2817cdecec2c6175cb8f02d0f6fa9e86eb303b41210466cbadc38d365d56b585
boletin_economico_iieg_septiembre_20231002_e9c4d7d3,boletin_economico_iieg_septiembre_2024_ea5c2c5f,near,0.996,88f9a80f34b84979275e30eb51373896cdb96c33efd961ce03c97365e5e68762
boletin_economico_iieg_septiembre_20231002_e9c4d7d3,boletin_economico_iieg_enero_2024_cf9b270e,near,0.954,49f8fa37a9f09e8540646143f1da6b55dbd759d1363b82eb5ef2077fcd2b9dcb
boletin_economico_iieg_septiembre_20231002_e9c4d7d3,boletin_economico_jalisco_mayo_2025_09f3df80,near,0.967,72ff2abf55bd56e4b260b47a91d74e8d88475567ae81647803f4fb15cf439fdb
boletin_economico_iieg_septiembre_20231002_e9c4d7d3,boletin_economico_iieg_septiembre_2024_ea5c2c5f,near,0.966,6a9c26ab77c643c1b16719e079e653a6852f53e8d4fa2ec00064e788195fd30f
boletin_economico_iieg_septiembre_20231002_e9c4d7d3,boletin_economico_iieg_septiembre_2024_ea5c2c5f,near,0.964,e018a377cccbaf4a981d9b2176d53bec03a7f6b278d8581188d51f3614081338
boletin_economico_iieg_septiembre_20231002_e9c4d7d3,boletin_economico_2025,near,0.943,3abad402aa9f2bec6e091158025507a571357a466e7afe3138e5f01a90fea66d
boletin_economico_iieg_septiembre_20231002_e9c4d7d3,boletin_economico_iieg_septiembre_2024_ea5c2c5f,near,0.967,009153700bb0269f9f67491299e2f1d01151c2f77791841101899e856a753a59
boletin_economico_iieg_septiembre_20231002_e9c4d7d3,boletin_economico_2025,near,0.943,3abad402aa9f2bec6e091158025507a571357a466e7afe3138e5f01a90fea66d
boletin_economico_iieg_septiembre_20231002_e9c4d7d3,boletin_economico_iieg_enero_2025_1f358f8f,exact,1.000,49d72a2d61c6ac5babe997b08dfc51a196b0e4e74ce40512a487849b661dd149
boletin_economico_iieg_septiembre_20231002_e9c4d7d3,boletin_economico_iieg_mayo_2024_47bd3321,near,0.970,07423b576e0f13026a9fc9981ad07ea3d92180c23c0f845b0249c0333aa59732
boletin_economico_iieg_septiembre_20231002_e9c4d7d3,boletin_economico_2025,near,0.967,4e71374fc963877dc8a5cd52c2e23244eee1cbac3264c422196eaf84fcd22881
boletin_economico_iieg_septiembre_20231002_e9c4d7d3,boletin_economico_2025,near,0.967,4e71374fc963877dc8a5cd52c2e23244eee1cbac3264c422196eaf84fcd22881
boletin_economico_iieg_septiembre_20231002_e9c4d7d3,boletin_economico_2025,near,0.971,8a0ad218f7ef8fe015915ad60de3e7a7c1887a44fdc45b4b0241d4e758f606c2
boletin_economico_iieg_septiembre_20231002_e9c4d7d3,boletin_economico_iieg_mayo_2024_47bd3321,near,0.967,48fca6d6898b36771106522e9a8a6e435a258237e80b819bb9eb3c31b15f4b7b
boletin_economico_iieg_septiembre_20231002_e9c4d7d3,boletin_economico_2025,near,0.967,4e71374fc963877dc8a5cd52c2e23244eee1cbac3264c422196eaf84fcd22881
boletin_economico_iieg_septiembre_20231002_e9c4d7d3,boletin_economico_2025,near,0.971,8a0ad218f7ef8fe015915ad60de3e7a7c1887a44fdc45b4b0241d4e758f606c2
boletin_economico_iieg_septiembre_20231002_e9c4d7d3,boletin_economico_iieg_enero_2025_1f358f8f,near,0.967,fb47ab78e44d206beffd0fa9a4250f88d3a0f522435d1aa73ae90dc602a116d0
boletin_economico_iieg_septiembre_20231002_e9c4d7d3,boletin_economico_2025,near,0.964,e81f1ecd24a16581f25fce0a4ea0e1561a9c3219627d5e1905a0038c42052dfa
boletin_economico_iieg_septiembre_20231002_e9c4d7d3,boletin_economico_2025,near,0.964,e81f1ecd24a16581f25fce0a4ea0e1561a9c3219627d5e1905a0038c42052dfa
boletin_economico_iieg_septiembre_20231002_e9c4d7d3,boletin_economico_2025,near,0.949,c15ef5c0f82cda8400271fd4b98123e829bafb700bc3b84d8597d205d7d07b9f
boletin_economico_iieg_septiembre_20231002_e9c4d7d3,boletin_economico_2025,near,0.964,e81f1ecd24a16581f25fce0a4ea0e1561a9c3219627d5e1905a0038c42052dfa
boletin_economico_iieg_septiembre_20231002_e9c4d7d3,boletin_economico_iieg_mayo_2024_47bd3321,near,0.963,ece44bb81189c42fb0ed6ccc8fcf696ca7a31b78d6c7d5679ceff54101274e37
boletin_economico_iieg_septiembre_20231002_e9c4d7d3,boletin_economico_iieg_mayo_2024_47bd3321,near,0.949,5390ec663308191bfc8e9e20fe0f91ee09b026d601e3829b1734c56902e6280d
boletin_economico_iieg_septiembre_20231002_e9c4d7d3,boletin_economico_iieg_mayo_2024_47bd3321,near,0.942,ee92eefc4160db771c1447ea72178ca2e6c512b2f189a2e7e9044a7316692740
boletin_economico_iieg_septiembre_20231002_e9c4d7d3,boletin_economico_iieg_septiembre_2024_ea5c2c5f,near,0.997,66493cbddc2fc02ad74b18119f05700b3e40c563e93c849240ffa0485ed9fc2a
boletin_economico_iieg_septiembre_20231002_e9c4d7d3,boletin_economico_iieg_septiembre_2024_ea5c2c5f,near,0.971,e0409f87e1e09161beeee548600769a7ac4e8920495299ff5d5cf8ad13f1ca2e
boletin_economico_iieg_septiembre_20231002_e9c4d7d3,boletin_economico_iieg_septiembre_2024_ea5c2c5f,near,0.948,f91ae59ed30900cecfe12a123a2b5ed629b5e5d5fd7870f362f11c89e05f83ce
boletin_economico_iieg_septiembre_20231002_e9c4d7d3,boletin_economico_iieg_mayo_2024_47bd3321,exact,1.000,5e378cd6a3de4e1e546dba416efd0aaed963167f914c775eb9a8b75e4d0dc262
boletin_economico_iieg_septiembre_20231002_e9c4d7d3,boletin_economico_iieg_enero_2024_cf9b270e,near,0.948,9b44cc5e46cf4e8af9366ee6c6d1fbbfff260388198c851de8a423a26e80a656
boletin_economico_iieg_septiembre_20231002_e9c4d7d3,boletin_economico_iieg_mayo_2024_47bd3321,exact,1.000,74c7afb55a89460f4a01d2287f5b2034804626f8ed4cbbb267fa6697c5c4c774
boletin_economico_iieg_septiembre_20231002_e9c4d7d3,boletin_economico_iieg_mayo_2024_47bd3321,exact,1.000,084435e3c7cb09b0ded77b1504e3a3190542db3446870ad1c47096e0af2028dc
boletin_economico_iieg_septiembre_20231002_e9c4d7d3,boletin_economico_iieg_mayo_2024_47bd3321,exact,1.000,4b2a44d8042f406d6c2457cbf7a6e43725a98998785ab3c30027c3da50456583
boletin_economico_iieg_septiembre_20231002_e9c4d7d3,boletin_economico_iieg_mayo_2024_47bd3321,exact,1.000,c3bb674dc1b44c9f8e2f40e46515122ebde194b93991618bcced5d08ab61582c
boletin_economico_iieg_mayo_20230601_7d4c63ed,boletin_economico_iieg_mayo_2024_47bd3321,near,0.969,7fb0cb09851181b4d68b5da2b41beb836487d8a4fcdd4117c65ca28ed1086898
boletin_economico_iieg_mayo_20230601_7d4c63ed,boletin_economico_iieg_septiembre_2024_ea5c2c5f,exact,1.000,788b0eea0f17d05004b566cdc9411bbc5cf601cf0421cceed56f240164a56a17
boletin_economico_iieg_mayo_20230601_7d4c63ed,boletin_economico_iieg_mayo_2024_47bd3321,near,0.996,8a011dd411fdbaf3d0a89963cec9f1a2b3399678c122d54c4c2d701543741ef3
boletin_economico_iieg_mayo_20230601_7d4c63ed,boletin_economico_iieg_mayo_2024_47bd3321,near,0.946,21ad764874bfcf69ff95e499f8d6ca46d04530ee6deb7e5912119b449bd845d0
boletin_economico_iieg_mayo_20230601_7d4c63ed,boletin_economico_iieg_mayo_2024_47bd3321,near,0.949,7a0a7752cce085c5866bc72e23597b242f61b35c86a09e69ae2f1ea20ffbc394
boletin_economico_iieg_mayo_20230601_7d4c63ed,boletin_economico_iieg_mayo_2024_47bd3321,near,0.947,782509101a95f985c30febd53de2736eb1970b683270320001d9ec328454c6a4
boletin_economico_iieg_mayo_20230601_7d4c63ed,boletin_economico_iieg_mayo_2024_47bd3321,near,0.952,3f763114ddb24aefb2f409486c39d646f1acc8fc85233aa0a6e57797412aec61
boletin_economico_iieg_mayo_20230601_7d4c63ed,boletin_economico_iieg_mayo_2024_47bd3321,near,0.950,d7c5d250cba4902a858c60fa364f31be1613c4aeed4a01a8967ae168728d4b5f
boletin_economico_iieg_mayo_20230601_7d4c63ed,boletin_economico_iieg_mayo_2024_47bd3321,near,0.951,f670351eb5c79d56543b16d9a46159d185be1c4ba3632d44ea9eb0521ac475e6
boletin_economico_iieg_mayo_20230601_7d4c63ed,boletin_economico_iieg_mayo_2024_47bd3321,near,0.950,915b39cafe9a7a7dced9f2a82cf60a3ea1d16afee916a371d0d9524f057ebdb8
boletin_economico_iieg_mayo_20230601_7d4c63ed,boletin_economico_jalisco_mayo_2025_09f3df80,near,0.974,c0a86f6b087109d87018b71d934f68d69827381fd323a7c5987fda8b7a1fdb0a
boletin_economico_iieg_mayo_20230601_7d4c63ed,boletin_economico_iieg_septiembre_2024_ea5c2c5f,near,0.998,b97ccd1089dfcbd08806a755f01758a2bae478532359d60967894b71272aeeab
boletin_economico_iieg_mayo_20230601_7d4c63ed,boletin_economico_iieg_septiembre_2024_ea5c2c5f,near,0.975,1040a257e51465879a07581308f1c521e98bcbb66e69ca407e1d9bcda28346e0
boletin_economico_iieg_mayo_20230601_7d4c63ed,boletin_economico_iieg_septiembre_2024_ea5c2c5f,near,0.941,50c2988b7efbd49679c867a219ae35796fa8d642f149a69b3fa7c5aa1c61b5da
boletin_economico_iieg_mayo_20230601_7d4c63ed,boletin_economico_iieg_septiembre_2024_ea5c2c5f,exact,1.000,ee61a9fb85a5da83615a42b4fc1600ffb433adfc327ea95ce7e7161816824f9a
boletin_economico_iieg_mayo_20230601_7d4c63ed,boletin_economico_iieg_septiembre_2024_ea5c2c5f,near,0.956,8a298863b22c089bb3d59777eaa31cb7e7a7903433de97b1941a7b98699de439
boletin_economico_iieg_mayo_20230601_7d4c63ed,boletin_economico_iieg_septiembre_2024_ea5c2c5f,near,0.941,badce5b25dddaf596ac51ae283ec7fa774108ce7f7c8648142453fa0facd6fdb
boletin_economico_iieg_mayo_20230601_7d4c63ed,boletin_economico_iieg_enero_2024_cf9b270e,near,0.991,92783bdb67655eefbb04315a8a4de22326d884379d9d50b4bc1314b422bc11c2
boletin_economico_iieg_mayo_20230601_7d4c63ed,boletin_economico_iieg_enero_2024_cf9b270e,near,0.955,5574266069a0a9e3376697596c0657a1fb826a2fd687a9a1d4783d10aab3ec47
boletin_economico_iieg_mayo_20230601_7d4c63ed,boletin_economico_iieg_enero_2024_cf9b270e,exact,1.000,b2b1a353e1771935a5eeeb336c6f0a447792c1a1cfb32b17be2ea8dc94133bbf
boletin_economico_iieg_mayo_20230601_7d4c63ed,boletin_economico_iieg_enero_2024_cf9b270e,near,0.950,aade1c081d74fd48ecb32453ba8c4b65f7e817402d60b8c9d1f57b3741ff6451
boletin_economico_iieg_mayo_20230601_7d4c63ed,boletin_economico_iieg_enero_2024_cf9b270e,near,0.959,44a148a74f44eb1e7e8fc3dc7bd77f9793031294c9ac384b9d0470d81eb6356f
boletin_economico_iieg_mayo_20230601_7d4c63ed,boletin_economico_iieg_enero_2024_cf9b270e,exact,1.000,b2b1a353e1771935a5eeeb336c6f0a447792c1a1cfb32b17be2ea8dc94133bbf
boletin_economico_iieg_mayo_20230601_7d4c63ed,boletin_economico_iieg_septiembre_20231002_e9c4d7d3,near,0.967,61f07c357a5cd85acbb23e75790c25ede982114d956a499de412dd02e64a76ee
boletin_economico_iieg_mayo_20230601_7d4c63ed,boletin_economico_iieg_mayo_2024_47bd3321,near,0.945,94bf6c6c94ac6429b02d7d75763fbad51a9b48c80ea6ccd11e5e1ee14a99c06e
boletin_economico_iieg_mayo_20230601_7d4c63ed,boletin_economico_iieg_enero_2024_cf9b270e,near,0.945,f02f1e221b69fa8972f627588f078c48478dfc3adc04d77bb76f0aad43b8b1b3
boletin_economico_iieg_mayo_20230601_7d4c63ed,boletin_economico_iieg_enero_2024_cf9b270e,near,0.941,91e6112b3b9d01ebf845d5e6d549f771a693b5c1e83cc4d267f92941b7867166
boletin_economico_iieg_mayo_20230601_7d4c63ed,boletin_economico_jalisco_mayo_2025_09f3df80,near,0.959,ee6989c2202be7d9e37b7d2d531db3239932b1c6810131cfcee853eb89b1e2ca
boletin_economico_iieg_mayo_20230601_7d4c63ed,boletin_economico_iieg_septiembre_2024_ea5c2c5f,near,0.955,bcc88fb39bc394ed47c3bd7d7322d0ccbb60974a1ae89e27cdf3e4af006c186e
boletin_economico_iieg_mayo_20230601_7d4c63ed,boletin_economico_iieg_enero_2024_cf9b270e,near,0.962,c1a09db3bbe7a90286ad6bfdf8440fabb6273b11ebdd29b5fe9d2541b48c2d37
boletin_economico_iieg_mayo_20230601_7d4c63ed,boletin_economico_iieg_enero_2024_cf9b270e,near,0.956,b22547ccf5b36782bad278aae642f156afc2b7310ab2447c69c09f17dcc768ad
boletin_economico_iieg_mayo_20230601_7d4c63ed,boletin_economico_2025,near,0.978,c3eec0b0c9ce3a2a28596449dd386ebe853bcaacd21091374296d6d37e6dd7d7
boletin_economico_iieg_mayo_20230601_7d4c63ed,boletin_economico_iieg_septiembre_20231002_e9c4d7d3,near,0.952,4e8bf99d627bcf1131ba7f5a2e41a74de9f2518498e40112e3d3ff82d83cb71f
boletin_economico_iieg_mayo_20230601_7d4c63ed,boletin_economico_2025,near,0.978,c3eec0b0c9ce3a2a28596449dd386ebe853bcaacd21091374296d6d37e6dd7d7
boletin_economico_iieg_mayo_20230601_7d4c63ed,boletin_economico_iieg_septiembre_20231002_e9c4d7d3,near,0.941,637d53bbd6cd22c5cdfdd022816b2bed4e4488dfc41a417d930d13a860613ce6
boletin_economico_iieg_mayo_20230601_7d4c63ed,boletin_economico_2025,near,0.978,c3eec0b0c9ce3a2a28596449dd386ebe853bcaacd21091374296d6d37e6dd7d7
boletin_economico_iieg_mayo_20230601_7d4c63ed,boletin_economico_iieg_septiembre_20231002_e9c4d7d3,near,0.949,145b95fcb49053efede5536f79931e21113cfc6a832f5f315612b7095651b370
boletin_economico_iieg_mayo_20230601_7d4c63ed,boletin_economico_2025,near,0.978,c3eec0b0c9ce3a2a28596449dd386ebe853bcaacd21091374296d6d37e6dd7d7
boletin_economico_iieg_mayo_20230601_7d4c63ed,boletin_economico_2025,near,0.945,98c87f8dccfde43496dd50a6a5e66c36e8f704491e358c0a92452fc4ce81fbcc
boletin_economico_iieg_mayo_20230601_7d4c63ed,boletin_economico_iieg_septiembre_20231002_e9c4d7d3,near,0.942,b3e1b6cadae1c149957d8fff7b1009dd6110a07d0fa35ffd6bb65699e326db26
boletin_economico_iieg_mayo_20230601_7d4c63ed,boletin_economico_iieg_mayo_2024_47bd3321,near,0.962,90f09e143abe725466a1581517bd278e87ebec4905b4cee1da3c9183a61e5dc2
boletin_economico_iieg_mayo_20230601_7d4c63ed,boletin_economico_iieg_enero_2024_cf9b270e,near,0.980,ee4b09231741236895c1ee68e27083bea1eec9202247c96dde343db0146f3c7c
boletin_economico_iieg_mayo_20230601_7d4c63ed,boletin_economico_iieg_octubre_2025_f674bc71,near,0.945,e08bf5fe55b851034bb7493587fc491ac15a703581ece5f1d6120b2504e40252
boletin_economico_iieg_mayo_20230601_7d4c63ed,boletin_economico_2025,near,0.950,6ad14a02270a9cda51ea51b1c6d45f66165b64740c82adb870992d8f4d9e24f5
boletin_economico_iieg_mayo_20230601_7d4c63ed,boletin_economico_iieg_septiembre_20231002_e9c4d7d3,near,0.943,644a04faa855156f25dec381ad35f0337af92179d6b95a07b57bf6f68898df55
boletin_economico_iieg_mayo_20230601_7d4c63ed,boletin_economico_2025,near,0.943,99202d52425a3106145192807a7c06820940ed1b1c2e512983c508eafe39d011
boletin_economico_iieg_mayo_20230601_7d4c63ed,boletin_economico_iieg_septiembre_20231002_e9c4d7d3,near,0.963,73ebedda956dd445c5a89f73903dede09530e82a31cc777971728641575641c1
boletin_economico_iieg_mayo_20230601_7d4c63ed,boletin_economico_2025,near,0.947,e1de9386127bc1ae8136d79abb0c4b37314deb2d8672a413c9e26a39a893ba8b
boletin_economico_iieg_mayo_20230601_7d4c63ed,boletin_economico_2025,near,0.975,ca207ceb4e5cd3e12f16f459a6ecb993aa3d6c67c687f044b68d38f2b25bc815
boletin_economico_iieg_mayo_20230601_7d4c63ed,boletin_economico_iieg_septiembre_2024_ea5c2c5f,near,0.956,4c26319ced92bad95b1bd520357801c2814490a9a54c2a26812c8433ed34f019
boletin_economico_iieg_mayo_20230601_7d4c63ed,boletin_economico_iieg_septiembre_2024_ea5c2c5f,near,0.949,e2f1a3a91d71c0aefbe6535eb79c590db77c134457d265a8483d26d32f2e9951
boletin_economico_iieg_mayo_20230601_7d4c63ed,boletin_economico_iieg_septiembre_20231002_e9c4d7d3,near,0.968,edbecb6f65d4c486384c26cf7d8c3b7d3a08f95121c789aa01b44aa490e1e62e
boletin_economico_iieg_mayo_20230601_7d4c63ed,boletin_economico_iieg_septiembre_20231002_e9c4d7d3,near,0.961,b47d698adfe266b84d2d5a13651eca80263743731c04be191ba7bcd4addd3ee3
boletin_economico_iieg_mayo_20230601_7d4c63ed,boletin_economico_2025,near,0.973,cba717619c786b2e404cdb2bc658b60218b243214c9b70dbc1026c29dd6b3ae6
boletin_economico_iieg_mayo_20230601_7d4c63ed,boletin_economico_iieg_septiembre_2024_ea5c2c5f,near,0.945,285db78bbaad43a29e6aa71784c2cea294606ca84ccbb71566511e8550fadfc5
boletin_economico_iieg_mayo_20230601_7d4c63ed,boletin_economico_2025,near,0.961,7d66a1e67820a747504c05aa5730f98f5d9ac9e0412ca7aaf1228be2fa44102e
boletin_economico_iieg_mayo_20230601_7d4c63ed,boletin_economico_iieg_enero_2024_cf9b270e,near,0.966,57597960d685c4a2b77b796df8f87843e0427796b777d409562cfcc6b7005c08
boletin_economico_iieg_mayo_20230601_7d4c63ed,boletin_economico_iieg_enero_2025_1f358f8f,near,0.962,7ef1c67d6714173c8d6d3964d1e1e1393794f7dd2b05313162cc966bd5f7fcd8
boletin_economico_iieg_mayo_20230601_7d4c63ed,boletin_economico_jalisco_mayo_2025_09f3df80,near,0.983,623cd9cd656d1382714c3acbfe7cff11b1b9b8e02821ee6094e2e456c1bcbb29
boletin_economico_iieg_mayo_20230601_7d4c63ed,boletin_economico_2025,near,0.973,cba717619c786b2e404cdb2bc658b60218b243214c9b70dbc1026c29dd6b3ae6
boletin_economico_iieg_mayo_20230601_7d4c63ed,boletin_economico_iieg_enero_2025_1f358f8f,near,0.944,9f7b2a161066a60a11de8751469d70383766e767dbd33aba28f9f4076b10becd
boletin_economico_iieg_mayo_20230601_7d4c63ed,boletin_economico_2025,near,0.961,7d66a1e67820a747504c05aa5730f98f5d9ac9e0412ca7aaf1228be2fa44102e
boletin_economico_iieg_mayo_20230601_7d4c63ed,boletin_economico_2025,near,0.973,cba717619c786b2e404cdb2bc658b60218b243214c9b70dbc1026c29dd6b3ae6
boletin_economico_iieg_mayo_20230601_7d4c63ed,boletin_economico_2025,near,0.961,7d66a1e67820a747504c05aa5730f98f5d9ac9e0412ca7aaf1228be2fa44102e
boletin_economico_iieg_mayo_20230601_7d4c63ed,boletin_economico_iieg_enero_2025_1f358f8f,near,0.960,ef874e6cf0c7ae1d9204765b592981b4145e57dd56d42512e7c1fbef183128f8
boletin_economico_iieg_mayo_20230601_7d4c63ed,boletin_economico_2025,near,0.942,ba0d08dcf248ce21a8d606054f1dea99b9bc4b6bda45030aebe21c5c2dfae953
boletin_economico_iieg_mayo_20230601_7d4c63ed,boletin_economico_2025,near,0.941,91d65d7a898896d55746d25e7500b1e8e4735cb99deb4c15d8cd74c88f220c39
boletin_economico_iieg_mayo_20230601_7d4c63ed,boletin_economico_iieg_septiembre_20231002_e9c4d7d3,near,0.948,5aa07a8666e8a360260db4720af5f16adc195a13e0ede1964ecb56541ea091a8
boletin_economico_iieg_mayo_20230601_7d4c63ed,boletin_economico_jalisco_mayo_2025_09f3df80,near,0.959,07bc8eeca43242233be5555b3e4d1d1dcaf2585015874129a26be00c52bf820e
boletin_economico_iieg_mayo_20230601_7d4c63ed,boletin_economico_2025,near,0.949,eca9696380ab804270ffabcd4a2afb69a6e98de88a9b63fd739df351da4d2864
boletin_economico_iieg_mayo_20230601_7d4c63ed,boletin_economico_iieg_septiembre_2024_ea5c2c5f,near,0.987,f9a8938674ed27e3166aaba17935ac20dea851ce5bbe5eba25f6e07488ec879f
boletin_economico_iieg_mayo_20230601_7d4c63ed,boletin_economico_jalisco_mayo_2025_09f3df80,near,0.952,794f59b2a5014cd3c8432319cb58475317bd15be52d940211d72326004df4c41
boletin_economico_iieg_mayo_20230601_7d4c63ed,boletin_economico_jalisco_mayo_2025_09f3df80,near,0.977,35a9f11cf3eb4d5019184cc8a06f9eb321a54f782bdd664cc1d28dac5f557b9b
boletin_economico_iieg_mayo_20230601_7d4c63ed,boletin_economico_2025,near,0.943,3abad402aa9f2bec6e091158025507a571357a466e7afe3138e5f01a90fea66d
boletin_economico_iieg_mayo_20230601_7d4c63ed,boletin_economico_iieg_octubre_2025_f674bc71,near,0.942,b644f84ae99668b976448e1f0c84a9c330d38d138b1d3c2796155cb92acd0d65
boletin_economico_iieg_mayo_20230601_7d4c63ed,boletin_economico_2025,near,0.943,3abad402aa9f2bec6e091158025507a571357a466e7afe3138e5f01a90fea66d
boletin_economico_iieg_mayo_20230601_7d4c63ed,boletin_economico_iieg_enero_2025_1f358f8f,near,0.993,35cd95eda37ea24abf480bf21719a529198eb8694bcf9a30f92578c25d7f7ece
boletin_economico_iieg_mayo_20230601_7d4c63ed,boletin_economico_iieg_mayo_2024_47bd3321,near,0.976,4141c48a830c5146be69e00c2abb7c2ab99abdcea77d27968d6634f72bcfd80c
boletin_economico_iieg_mayo_20230601_7d4c63ed,boletin_economico_2025,near,0.967,4e71374fc963877dc8a5cd52c2e23244eee1cbac3264c422196eaf84fcd22881
boletin_economico_iieg_mayo_20230601_7d4c63ed,boletin_economico_2025,near,0.967,4e71374fc963877dc8a5cd52c2e23244eee1cbac3264c422196eaf84fcd22881
boletin_economico_iieg_mayo_20230601_7d4c63ed,boletin_economico_2025,near,0.971,8a0ad218f7ef8fe015915ad60de3e7a7c1887a44fdc45b4b0241d4e758f606c2
boletin_economico_iieg_mayo_20230601_7d4c63ed,boletin_economico_iieg_septiembre_20231002_e9c4d7d3,near,0.944,32351980ad88ca8438f85dc004359a50e5578ec0cd64ca3a8a436ce6566b6866
boletin_economico_iieg_mayo_20230601_7d4c63ed,boletin_economico_2025,near,0.967,4e71374fc963877dc8a5cd52c2e23244eee1cbac3264c422196eaf84fcd22881
boletin_economico_iieg_mayo_20230601_7d4c63ed,boletin_economico_2025,near,0.971,8a0ad218f7ef8fe015915ad60de3e7a7c1887a44fdc45b4b0241d4e758f606c2
boletin_economico_iieg_mayo_20230601_7d4c63ed,boletin_economico_iieg_mayo_2024_47bd3321,near,0.967,221a07d1fab9a1eae71422664d3e01519ffbcd33a9ed4bf5574c94c1f24da377
boletin_economico_iieg_mayo_20230601_7d4c63ed,boletin_economico_2025,near,0.967,4e71374fc963877dc8a5cd52c2e23244eee1cbac3264c422196eaf84fcd22881
boletin_economico_iieg_mayo_20230601_7d4c63ed,boletin_economico_2025,near,0.971,8a0ad218f7ef8fe015915ad60de3e7a7c1887a44fdc45b4b0241d4e758f606c2
boletin_economico_iieg_mayo_20230601_7d4c63ed,boletin_economico_iieg_septiembre_20231002_e9c4d7d3,near,0.953,371e2660126a774e8007e9a47f47b1775267eb8f131bea8a80b3b1a47ef4ab05
boletin_economico_iieg_mayo_20230601_7d4c63ed,boletin_economico_iieg_mayo_2024_47bd3321,near,0.960,a6bade2d92edb417a2a57d972a116462cc5abb87daad77b6722d526aac8ea1c5
boletin_economico_iieg_mayo_20230601_7d4c63ed,boletin_economico_iieg_enero_2025_1f358f8f,near,0.962,492a2642aa0faedfd4405438ea308859b22b25c4bc0ff549991a18b0453d4e74
boletin_economico_iieg_mayo_20230601_7d4c63ed,boletin_economico_2025,near,0.964,e81f1ecd24a16581f25fce0a4ea0e1561a9c3219627d5e1905a0038c42052dfa
boletin_economico_iieg_mayo_20230601_7d4c63ed,boletin_economico_2025,near,0.964,e81f1ecd24a16581f25fce0a4ea0e1561a9c3219627d5e1905a0038c42052dfa
boletin_economico_iieg_mayo_20230601_7d4c63ed,boletin_economico_2025,near,0.954,c8f5c2e08ab45f1033db8faa5483a947609af5a4968e4a7a25545a8642ffa3b9
boletin_economico_iieg_mayo_20230601_7d4c63ed,boletin_economico_2025,near,0.964,e81f1ecd24a16581f25fce0a4ea0e1561a9c3219627d5e1905a0038c42052dfa
boletin_economico_iieg_mayo_20230601_7d4c63ed,boletin_economico_iieg_mayo_2024_47bd3321,near,0.963,4a2fd572293d28ea5a6aef397062cad65f3543454784925f2779310b10605107
boletin_economico_iieg_mayo_20230601_7d4c63ed,boletin_economico_iieg_septiembre_20231002_e9c4d7d3,near,0.950,f5f9b5ec617dc65a0bd0ce050200203195d70944e870010eb9cf893cf606f9a9
boletin_economico_iieg_mayo_20230601_7d4c63ed,boletin_economico_iieg_mayo_2024_47bd3321,near,0.943,6c7242b7c39ba5921024d1e80258478f7ff7f9d72cf95a90298866e1eb9591a2
boletin_economico_iieg_mayo_20230601_7d4c63ed,boletin_economico_iieg_enero_2024_cf9b270e,near,0.947,8e2d6a8a071c4a7bee0f78b50949303b7d1c8679be1d5c18e2cbe625b4fc1895
boletin_economico_iieg_mayo_20230601_7d4c63ed,boletin_economico_iieg_septiembre_2024_ea5c2c5f,near,0.997,66493cbddc2fc02ad74b18119f05700b3e40c563e93c849240ffa0485ed9fc2a
boletin_economico_iieg_mayo_20230601_7d4c63ed,boletin_economico_iieg_septiembre_2024_ea5c2c5f,near,0.971,e0409f87e1e09161beeee548600769a7ac4e8920495299ff5d5cf8ad13f1ca2e
boletin_economico_iieg_mayo_20230601_7d4c63ed,boletin_economico_iieg_septiembre_2024_ea5c2c5f,near,0.948,f91ae59ed30900cecfe12a123a2b5ed629b5e5d5fd7870f362f11c89e05f83ce
boletin_economico_iieg_mayo_20230601_7d4c63ed,boletin_economico_iieg_septiembre_20231002_e9c4d7d3,near,0.977,31effb8585a2cba162eab3295cdf69b42aa0ad42997fc38575f1b66fe6d8235f
boletin_economico_iieg_mayo_20230601_7d4c63ed,boletin_economico_iieg_mayo_2024_47bd3321,exact,1.000,5e378cd6a3de4e1e546dba416efd0aaed963167f914c775eb9a8b75e4d0dc262
boletin_economico_iieg_mayo_20230601_7d4c63ed,boletin_economico_iieg_mayo_2024_47bd3321,exact,1.000,74c7afb55a89460f4a01d2287f5b2034804626f8ed4cbbb267fa6697c5c4c774
boletin_economico_iieg_mayo_20230601_7d4c63ed,boletin_economico_iieg_mayo_2024_47bd3321,exact,1.000,084435e3c7cb09b0ded77b1504e3a3190542db3446870ad1c47096e0af2028dc
boletin_economico_iieg_mayo_20230601_7d4c63ed,boletin_economico_iieg_mayo_2024_47bd3321,exact,1.000,4b2a44d8042f406d6c2457cbf7a6e43725a98998785ab3c30027c3da50456583
boletin_economico_iieg_mayo_20230601_7d4c63ed,boletin_economico_iieg_mayo_2024_47bd3321,exact,1.000,c3bb674dc1b44c9f8e2f40e46515122ebde194b93991618bcced5d08ab61582c
boletin_economico_iieg_enero_20230201_e66a8e90,boletin_economico_iieg_octubre_2025_f674bc71,near,0.943,a8a41363fa8b8297d2dd7359f6bbbcaf1707c0d6693b969d52edf156a6854e4c
boletin_economico_iieg_enero_20230201_e66a8e90,boletin_economico_iieg_septiembre_2024_ea5c2c5f,exact,1.000,788b0eea0f17d05004b566cdc9411bbc5cf601cf0421cceed56f240164a56a17
boletin_economico_iieg_enero_20230201_e66a8e90,boletin_economico_iieg_enero_2024_cf9b270e,near,0.991,9b74e979ae2f52c5cfce4065bfb192a4f0926ac2e855b0e01c703e288f343129
boletin_economico_iieg_enero_20230201_e66a8e90,boletin_economico_iieg_enero_2024_cf9b270e,near,0.962,90cc810769ae4ce687a6be20c70c9455022458d706910af61acdeb1402c9adeb
boletin_economico_iieg_enero_20230201_e66a8e90,boletin_economico_iieg_enero_2024_cf9b270e,exact,1.000,b2b1a353e1771935a5eeeb336c6f0a447792c1a1cfb32b17be2ea8dc94133bbf
boletin_economico_iieg_enero_20230201_e66a8e90,boletin_economico_iieg_enero_2024_cf9b270e,near,0.965,27904b058bfcc681984e8702d61f92342b21693c6bb28819b8999f7ec5d08447
boletin_economico_iieg_enero_20230201_e66a8e90,boletin_economico_iieg_enero_2024_cf9b270e,near,0.996,fc2670c15b795b182bcafccb51baddb409b24fb46b83ef39693e233509ea41f4
boletin_economico_iieg_enero_20230201_e66a8e90,boletin_economico_iieg_enero_2024_cf9b270e,near,0.981,eab3ada8d005c38e22d34d2768bd15ce2287bdbee3f3b12dd5c0d45d9549acad
boletin_economico_iieg_enero_20230201_e66a8e90,boletin_economico_iieg_enero_2024_cf9b270e,exact,1.000,b2b1a353e1771935a5eeeb336c6f0a447792c1a1cfb32b17be2ea8dc94133bbf
boletin_economico_iieg_enero_20230201_e66a8e90,boletin_economico_iieg_septiembre_20231002_e9c4d7d3,near,0.950,e61f5a55d934afed1a2797c772a8f71511e09a58319df2d3d186ac16563ee8c7
boletin_economico_iieg_enero_20230201_e66a8e90,boletin_economico_iieg_septiembre_20231002_e9c4d7d3,exact,1.000,7d664a79b7f1e8fcbe09ea69efcd7247d900aae6509abe4a3e7fb2727a2eac29
boletin_economico_iieg_enero_20230201_e66a8e90,boletin_economico_iieg_septiembre_20231002_e9c4d7d3,near,0.948,9e8c9ae9c651823f60e4d39bb9cbf22cfec53ad823b1fb5b973a35936c7221b8
boletin_economico_iieg_enero_20230201_e66a8e90,boletin_economico_iieg_septiembre_20231002_e9c4d7d3,near,0.967,c6ae95dc39dcdc30168ce4223f83c94236e58d461f732a4d15140243d4130007
boletin_economico_iieg_enero_20230201_e66a8e90,boletin_economico_2025,near,0.971,006480970dfafe84e0bf891b4c8d6e0118f92309636b7c7cb401d4089bdd1f1f
boletin_economico_iieg_enero_20230201_e66a8e90,boletin_economico_iieg_octubre_2025_f674bc71,near,0.943,a8a41363fa8b8297d2dd7359f6bbbcaf1707c0d6693b969d52edf156a6854e4c
boletin_economico_iieg_enero_20230201_e66a8e90,boletin_economico_iieg_mayo_20230601_7d4c63ed,near,0.966,a5b028e7f354ab4dee210b5f8d5bcdf2ecd1fb190918b5a3c8ebdb0bc600af39
boletin_economico_iieg_enero_20230201_e66a8e90,boletin_economico_iieg_septiembre_20231002_e9c4d7d3,near,0.952,5afd54ab688fada04ff3b1b3b2358ef73d56bbfde7755075ddacd856661dd617
boletin_economico_iieg_enero_20230201_e66a8e90,boletin_economico_iieg_enero_2025_1f358f8f,near,0.945,826da39e0fff897a69b15f8463f94c53567500047dbbdd0e1c2a1f639bd36ba0
boletin_economico_iieg_enero_20230201_e66a8e90,boletin_economico_iieg_enero_2025_1f358f8f,near,0.941,89046b2859088fe73c76bd83733ef332b14e7b0032485dfbc1bb6cc93e1d9b55
boletin_economico_iieg_enero_20230201_e66a8e90,boletin_economico_iieg_enero_2024_cf9b270e,near,0.958,0f267ad4b7925e6ec8360aa81a098a966efe3cf0443cc2a9504140790df9c19d
boletin_economico_iieg_enero_20230201_e66a8e90,boletin_economico_2025,near,0.978,c3eec0b0c9ce3a2a28596449dd386ebe853bcaacd21091374296d6d37e6dd7d7
boletin_economico_iieg_enero_20230201_e66a8e90,boletin_economico_2025,near,0.978,c3eec0b0c9ce3a2a28596449dd386ebe853bcaacd21091374296d6d37e6dd7d7
boletin_economico_iieg_enero_20230201_e66a8e90,boletin_economico_2025,near,0.978,c3eec0b0c9ce3a2a28596449dd386ebe853bcaacd21091374296d6d37e6dd7d7
boletin_economico_iieg_enero_20230201_e66a8e90,boletin_economico_iieg_mayo_20230601_7d4c63ed,near,0.967,1c581e321b3571acbd2ea8572ecad3dc143325df21df1319b731563f32be8aef
boletin_economico_iieg_enero_20230201_e66a8e90,boletin_economico_2025,near,0.946,debe4879319e598f9b4d35bd32437a51efea0428b9e96aeaa9d9131aa088e661
boletin_economico_iieg_enero_20230201_e66a8e90,boletin_economico_iieg_enero_2024_cf9b270e,near,0.983,d7116f6b993aab5a78134f519b45de2f18bd78242db0498a006aaad993e00141
boletin_economico_iieg_enero_20230201_e66a8e90,boletin_economico_iieg_octubre_2025_f674bc71,near,0.949,9b9a47b3f60fd5fcdaaa2ef5ba2af8625c9818b9b5274e4413dbd3366b4a7c91
boletin_economico_iieg_enero_20230201_e66a8e90,boletin_economico_2025,near,0.951,aa3b6b39ffb6eaee59096672c2da222ad9f8aeb5576f46556ee62d1a907b98eb
boletin_economico_iieg_enero_20230201_e66a8e90,boletin_economico_2025,near,0.951,7e596bdb6b56f0e08f9f0f7505282d64b6231618631bad3ecdaf247e100ee470
boletin_economico_iieg_enero_20230201_e66a8e90,boletin_economico_iieg_mayo_20230601_7d4c63ed,near,0.966,d0103fba3ff2cc6c34c50d0efef1e55c50e6c94f06b55ee6ca1434526771fb60
boletin_economico_iieg_enero_20230201_e66a8e90,boletin_economico_2025,near,0.975,c69fb3230c4d2aaa23bf120e1dc38c17b70faf054c9716e3324cceff97894b49
boletin_economico_iieg_enero_20230201_e66a8e90,boletin_economico_iieg_enero_2025_1f358f8f,near,0.951,006a01a878312f263d0abee8d75b4179062613a37faa0d774af43ca23a937a83
boletin_economico_iieg_enero_20230201_e66a8e90,boletin_economico_iieg_septiembre_20231002_e9c4d7d3,near,0.951,80229a5854ca322aab3a41bc56a08b837427066ba95bd7f0d93dd027e0724240
boletin_economico_iieg_enero_20230201_e66a8e90,boletin_economico_2025,near,0.971,a759f3ef654e941487319cd3f2a93211509af386610249dfb9b055d34bd05e85
boletin_economico_iieg_enero_20230201_e66a8e90,boletin_economico_iieg_enero_2024_cf9b270e,near,0.958,53ad06b9da64573c4d00f583da0a1bf7716b1b2400381f3b55772ea69caf0c45
boletin_economico_iieg_enero_20230201_e66a8e90,boletin_economico_2025,near,0.959,c5ad096a81d262cc2a5175d9a285db07289e1870d28302a8bb8e24c0267388a7
boletin_economico_iieg_enero_20230201_e66a8e90,boletin_economico_iieg_enero_2024_cf9b270e,near,0.965,47e026507d0c9a77aa0bc2c2035b948cc339f91f9fade776a975ce2105cb3b2a
boletin_economico_iieg_enero_20230201_e66a8e90,boletin_economico_iieg_enero_2024_cf9b270e,near,0.957,c520a956db1b9aba1fb08eda50b299e4e75505d9564a690a021a5c5a46d2f19e
boletin_economico_iieg_enero_20230201_e66a8e90,boletin_economico_iieg_enero_2024_cf9b270e,near,0.973,20a276efdd70e0d4f3544971d88c1912b76a502cb53c542fc74283bd0bb4244f
boletin_economico_iieg_enero_20230201_e66a8e90,boletin_economico_iieg_mayo_20230601_7d4c63ed,near,0.974,93a302554c5ca1f16cc9354551d2c63e952b98b8b6382f3972770aa922fa4977
boletin_economico_iieg_enero_20230201_e66a8e90,boletin_economico_jalisco_mayo_2025_09f3df80,near,0.972,aa30cf66d427efb37f582de25de1c4e86e9fa92c90b84df554c40e1c76ee1407
boletin_economico_iieg_enero_20230201_e66a8e90,boletin_economico_iieg_enero_2025_1f358f8f,near,0.960,b2439dc1d05e5428070e3bb5924cfea055606eef8ff188fba0a6bca016d5719f
boletin_economico_iieg_enero_20230201_e66a8e90,boletin_economico_2025,near,0.971,a759f3ef654e941487319cd3f2a93211509af386610249dfb9b055d34bd05e85
boletin_economico_iieg_enero_20230201_e66a8e90,boletin_economico_iieg_enero_2025_1f358f8f,near,0.970,5cee76c96b90561a2fd385822d414524d87402f24c6ddf0ba79e853b0b6add7b
boletin_economico_iieg_enero_20230201_e66a8e90,boletin_economico_2025,near,0.959,c5ad096a81d262cc2a5175d9a285db07289e1870d28302a8bb8e24c0267388a7
boletin_economico_iieg_enero_20230201_e66a8e90,boletin_economico_2025,near,0.971,a759f3ef654e941487319cd3f2a93211509af386610249dfb9b055d34bd05e85
boletin_economico_iieg_enero_20230201_e66a8e90,boletin_economico_iieg_mayo_20230601_7d4c63ed,near,0.960,0ae47e89cf454093349ad4e1a93a163f46a133a20cca95c44f352d340d0e612e
boletin_economico_iieg_enero_20230201_e66a8e90,boletin_economico_2025,near,0.959,c5ad096a81d262cc2a5175d9a285db07289e1870d28302a8bb8e24c0267388a7
boletin_economico_iieg_enero_20230201_e66a8e90,boletin_economico_iieg_mayo_20230601_7d4c63ed,exact,1.000,ac7a6e722ddc98c8d11ff8f1d3d9df94aeab4978bc624c45aa5e7bf650204fbc
boletin_economico_iieg_enero_20230201_e66a8e90,boletin_economico_iieg_enero_2025_1f358f8f,near,0.951,da15793a74b6972ec631f4de32494ac49e994e96705bad87f831a0f6199458ac
boletin_economico_iieg_enero_20230201_e66a8e90,boletin_economico_2025,near,0.942,ba0d08dcf248ce21a8d606054f1dea99b9bc4b6bda45030aebe21c5c2dfae953
boletin_economico_iieg_enero_20230201_e66a8e90,boletin_economico_jalisco_mayo_2025_09f3df80,near,0.945,3ee999259c4be12c83c1b87aaa4620ea8fe70160e15a038f92e712ec85aef461
boletin_economico_iieg_enero_20230201_e66a8e90,boletin_economico_2025,near,0.941,91d65d7a898896d55746d25e7500b1e8e4735cb99deb4c15d8cd74c88f220c39
boletin_economico_iieg_enero_20230201_e66a8e90,boletin_economico_iieg_mayo_20230601_7d4c63ed,exact,1.000,d08d51196479dd028884c666ce7e118efcae483a1f3e22f81b0c901a882bbf3a
boletin_economico_iieg_enero_20230201_e66a8e90,boletin_economico_iieg_mayo_20230601_7d4c63ed,near,0.979,e35b53f734328daa4234cb98638c97b61a4301d98914ca3d5cec4b993ab245c7
boletin_economico_iieg_enero_20230201_e66a8e90,boletin_economico_iieg_mayo_20230601_7d4c63ed,exact,1.000,85c495560234c0e8a6ca29f7b208704700367408a36f6a7675da33c54d783a9c
boletin_economico_iieg_enero_20230201_e66a8e90,boletin_economico_iieg_mayo_20230601_7d4c63ed,near,0.947,34e98a914326df8fafdadbb5db1350d2aa84872b836fed6f409a3610fd7ae6b3
boletin_economico_iieg_enero_20230201_e66a8e90,boletin_economico_iieg_mayo_20230601_7d4c63ed,near,0.942,fb8989a3a844bac8a604bd709b792cd795380a98a69ca4c39e6049c4700405a4
boletin_economico_iieg_enero_20230201_e66a8e90,boletin_economico_iieg_enero_2025_1f358f8f,near,0.968,5b3720152b097d13f53d1007a32eb7475479ca30e92b8341d5accf163b865ff7
boletin_economico_iieg_enero_20230201_e66a8e90,boletin_economico_iieg_septiembre_20231002_e9c4d7d3,near,0.947,58e60b5fd5a23985502bd328441d31177e4c7aa193f8fb6986b9eccca9d0e405
boletin_economico_iieg_enero_20230201_e66a8e90,boletin_economico_iieg_mayo_2024_47bd3321,near,0.954,6952c0d567fbf385493d2a48b3e78a861ab045faa9e6c000d2fe743f8871078d
boletin_economico_iieg_enero_20230201_e66a8e90,boletin_economico_2025,near,0.950,c62664b2ed092859d1f0934e75c8e2612bb9f3768afce9ea17941aadcea9eed3
boletin_economico_iieg_enero_20230201_e66a8e90,boletin_economico_iieg_septiembre_2024_ea5c2c5f,near,0.983,36b41b9a99dc6a6fefa8414e730cdd26405ea9601b847f37cdae1c78ce694156
boletin_economico_iieg_enero_20230201_e66a8e90,boletin_economico_jalisco_mayo_2025_09f3df80,near,0.963,64a06912b88e0cd597771fd445cf7709ca399eecab510f5a509668c266f6d44d
boletin_economico_iieg_enero_20230201_e66a8e90,boletin_economico_2025,near,0.943,3abad402aa9f2bec6e091158025507a571357a466e7afe3138e5f01a90fea66d
boletin_economico_iieg_enero_20230201_e66a8e90,boletin_economico_iieg_enero_2025_1f358f8f,near,0.946,912dd5bb996fd15bfe8c7b0ab39a65c618ffb8675024dd7db083403486a54973
boletin_economico_iieg_enero_20230201_e66a8e90,boletin_economico_2025,near,0.943,3abad402aa9f2bec6e091158025507a571357a466e7afe3138e5f01a90fea66d
boletin_economico_iieg_enero_20230201_e66a8e90,boletin_economico_iieg_mayo_2024_47bd3321,near,0.961,96739003b12aae95cf14ce42d777fb1fa8db2bde6566b3e4ed4a7857ac9f4949
boletin_economico_iieg_enero_20230201_e66a8e90,boletin_economico_2025,near,0.967,4e71374fc963877dc8a5cd52c2e23244eee1cbac3264c422196eaf84fcd22881
boletin_economico_iieg_enero_20230201_e66a8e90,boletin_economico_2025,near,0.967,4e71374fc963877dc8a5cd52c2e23244eee1cbac3264c422196eaf84fcd22881
boletin_economico_iieg_enero_20230201_e66a8e90,boletin_economico_2025,near,0.971,8a0ad218f7ef8fe015915ad60de3e7a7c1887a44fdc45b4b0241d4e758f606c2
boletin_economico_iieg_enero_20230201_e66a8e90,boletin_economico_2025,near,0.967,4e71374fc963877dc8a5cd52c2e23244eee1cbac3264c422196eaf84fcd22881
boletin_economico_iieg_enero_20230201_e66a8e90,boletin_economico_2025,near,0.971,8a0ad218f7ef8fe015915ad60de3e7a7c1887a44fdc45b4b0241d4e758f606c2
boletin_economico_iieg_enero_20230201_e66a8e90,boletin_economico_iieg_mayo_2024_47bd3321,near,0.954,9e30701a4fef9f16a3d3fb37a5829b5a768bb1ac3ff64a7c85189276ca901e8f
boletin_economico_iieg_enero_20230201_e66a8e90,boletin_economico_2025,near,0.967,4e71374fc963877dc8a5cd52c2e23244eee1cbac3264c422196eaf84fcd22881
boletin_economico_iieg_enero_20230201_e66a8e90,boletin_economico_2025,near,0.971,8a0ad218f7ef8fe015915ad60de3e7a7c1887a44fdc45b4b0241d4e758f606c2
boletin_economico_iieg_enero_20230201_e66a8e90,boletin_economico_iieg_enero_2024_cf9b270e,near,0.966,442ed1b2cac63fe42750131245390db3f5870c528270f24670bdb2fa0616f9d1
boletin_economico_iieg_enero_20230201_e66a8e90,boletin_economico_iieg_enero_2025_1f358f8f,near,0.961,61e378359b7cf27e36005f1b1b2de7d1a43e60569cd197b6078276c2017b8bc1
boletin_economico_iieg_enero_20230201_e66a8e90,boletin_economico_iieg_enero_2024_cf9b270e,near,0.948,b63a2397902c64f92bf7153810b3d6e0992f3c09375bb6b3e1df3eb4437bb75e
boletin_economico_iieg_enero_20230201_e66a8e90,boletin_economico_iieg_enero_20230201_e66a8e90,exact,1.000,c147424f61aeec85f36a695842c2bae2067ca892effbb10063e634dcd3ba7543
boletin_economico_iieg_enero_20230201_e66a8e90,boletin_economico_iieg_enero_20230201_e66a8e90,exact,1.000,c147424f61aeec85f36a695842c2bae2067ca892effbb10063e634dcd3ba7543
boletin_economico_iieg_enero_20230201_e66a8e90,boletin_economico_iieg_enero_20230201_e66a8e90,exact,1.000,c147424f61aeec85f36a695842c2bae2067ca892effbb10063e634dcd3ba7543
boletin_economico_iieg_enero_20230201_e66a8e90,boletin_economico_iieg_enero_20230201_e66a8e90,exact,1.000,c147424f61aeec85f36a695842c2bae2067ca892effbb10063e634dcd3ba7543
boletin_economico_iieg_enero_20230201_e66a8e90,boletin_economico_iieg_enero_2024_cf9b270e,near,0.944,b11869ec79e7d8c769abb8ee91a9fd0c3e407605c12d31db69ee31aa2f200cd2
boletin_economico_iieg_enero_20230201_e66a8e90,boletin_economico_iieg_septiembre_2024_ea5c2c5f,near,0.997,66493cbddc2fc02ad74b18119f05700b3e40c563e93c849240ffa0485ed9fc2a
boletin_economico_iieg_enero_20230201_e66a8e90,boletin_economico_iieg_septiembre_2024_ea5c2c5f,near,0.971,e0409f87e1e09161beeee548600769a7ac4e8920495299ff5d5cf8ad13f1ca2e
boletin_economico_iieg_enero_20230201_e66a8e90,boletin_economico_iieg_septiembre_2024_ea5c2c5f,near,0.948,f91ae59ed30900cecfe12a123a2b5ed629b5e5d5fd7870f362f11c89e05f83ce
boletin_economico_iieg_enero_20230201_e66a8e90,boletin_economico_iieg_septiembre_2024_ea5c2c5f,near,0.964,a9d139b3558bbbb49208b650b2649328f6437ed54c7eca97665aa883fd02446c
boletin_economico_iieg_enero_20230201_e66a8e90,boletin_economico_iieg_mayo_2024_47bd3321,exact,1.000,5e378cd6a3de4e1e546dba416efd0aaed963167f914c775eb9a8b75e4d0dc262
boletin_economico_iieg_enero_20230201_e66a8e90,boletin_economico_iieg_mayo_2024_47bd3321,exact,1.000,74c7afb55a89460f4a01d2287f5b2034804626f8ed4cbbb267fa6697c5c4c774
boletin_economico_iieg_enero_20230201_e66a8e90,boletin_economico_iieg_mayo_2024_47bd3321,exact,1.000,084435e3c7cb09b0ded77b1504e3a3190542db3446870ad1c47096e0af2028dc
boletin_economico_iieg_enero_20230201_e66a8e90,boletin_economico_iieg_mayo_2024_47bd3321,exact,1.000,4b2a44d8042f406d6c2457cbf7a6e43725a98998785ab3c30027c3da50456583
boletin_economico_iieg_enero_20230201_e66a8e90,boletin_economico_iieg_mayo_2024_47bd3321,exact,1.000,c3bb674dc1b44c9f8e2f40e46515122ebde194b93991618bcced5d08ab61582c
ficha_industria_construccion_enec_jalisco_agosto_894830bb,boletin_economico_iieg_octubre_2025_f674bc71,exact,1.000,6de4f53c8f5312bcb2b95acaf1e7b95afee51fbc9463760eca55d9eaa14790cc
ficha_industria_construccion_enec_jalisco_agosto_894830bb,boletin_economico_iieg_octubre_2025_f674bc71,exact,1.000,5c1459f7b91fc48cca4e2d2a49c5423841f77231d4264ca7086efe44d31834ee
ficha_industria_construccion_enec_jalisco_agosto_894830bb,boletin_economico_2025,exact,1.000,a78dc44e20f602c0d6896819036079cc8c970b8b776410768f74f52e4ecd8458
ficha_industria_construccion_enec_jalisco_agosto_894830bb,boletin_economico_iieg_octubre_2025_f674bc71,exact,1.000,2a3aafb75ca9ff3650635dce2185c39dac5ae435c6138ca1dcc3ec3b21314724
ficha_industria_construccion_enec_jalisco_agosto_894830bb,boletin_economico_2025,exact,1.000,c1822c5f07e9e93933d0e5d43ab5d6a1906dac7bcc6e56f1f2dbc3631c86e615
ficha_industria_construccion_enec_jalisco_agosto_894830bb,boletin_economico_iieg_octubre_2025_f674bc71,exact,1.000,2a8db7fd715cdedf9a6b40ba9b2dce34d81828ee0eb715a1aa414d141a1574a6
ficha_industria_construccion_enec_jalisco_agosto_894830bb,boletin_economico_2025,exact,1.000,e1a2b992de0be46c65304cec5d49db8f51b92a3e20b55d4615aa83ff547ea3c6
ficha_industria_construccion_enec_jalisco_agosto_894830bb,boletin_economico_iieg_octubre_2025_f674bc71,near,0.999,3641df9cb16e2eee0e99b27a0736cd7bb75576910b806710991a4e4b574c0bc3
ficha_industria_construccion_enec_jalisco_agosto_894830bb,boletin_economico_2025,exact,1.000,d613ef2957ecea87747cbe204cd29f51313951e0c911250b31242a3446a096a5
ficha_actividad_industrial_entidades_imaief_febr_fab27311,boletin_economico_2025,near,0.956,e1e7e1c997673413f6b5dfd93e0d65c77e9aecfcf85c55a79720bbee729bbdf9
ficha_actividad_industrial_entidades_imaief_febr_fab27311,boletin_economico_2025,exact,1.000,818bb30297a5b39f61e8576094213b1303def06dc67b0ccd06184f7442d6610d
ficha_actividad_industrial_entidades_imaief_febr_fab27311,boletin_economico_iieg_enero_2024_cf9b270e,near,0.951,8849718dbeda40fafab2c8ceeec67b7e5ba8a6fe83ed50d32f7d33f7556c209d
ficha_actividad_industrial_entidades_imaief_febr_fab27311,boletin_economico_2025,exact,1.000,c2bf14523e481a426288d63d97ced7148b6fa45dca9ddb05f04454d399443e7f
ficha_actividad_industrial_entidades_imaief_febr_fab27311,boletin_economico_2025,near,0.956,e1e7e1c997673413f6b5dfd93e0d65c77e9aecfcf85c55a79720bbee729bbdf9
ficha_actividad_industrial_entidades_imaief_febr_fab27311,boletin_economico_iieg_septiembre_20231002_e9c4d7d3,near,0.966,2e2391e27673383ecf58a2600758d0cc7c34d0fde6d5f7d80bfa890830057df7
ficha_actividad_industrial_entidades_imaief_febr_fab27311,boletin_economico_2025,exact,1.000,818bb30297a5b39f61e8576094213b1303def06dc67b0ccd06184f7442d6610d
ficha_actividad_industrial_entidades_imaief_febr_fab27311,boletin_economico_2025,near,0.956,e1e7e1c997673413f6b5dfd93e0d65c77e9aecfcf85c55a79720bbee729bbdf9
ficha_actividad_industrial_entidades_imaief_febr_fab27311,boletin_economico_2025,exact,1.000,818bb30297a5b39f61e8576094213b1303def06dc67b0ccd06184f7442d6610d
ficha_indicador_actividad_industrial_entidad_ima_33afd472,boletin_economico_jalisco_mayo_2025_09f3df80,near,0.974,e51ac6cf94570d0fde93a9cd7dce05a4ea39f4b4e106a867b588bb9bdd66b936
ficha_indicador_actividad_industrial_entidad_ima_33afd472,boletin_economico_2025,exact,1.000,0c9b4fec08c365017131574eecd2a44e3d75796aff01b8abe688611672d2e511
ficha_indicador_actividad_industrial_entidad_ima_33afd472,boletin_economico_iieg_enero_2025_1f358f8f,near,0.973,753180f8dbc8c70c0e11045934342b3ace5099e4cdf9e2ff97101e7bbba4255d
ficha_indicador_actividad_industrial_entidad_ima_33afd472,boletin_economico_2025,exact,1.000,818bb30297a5b39f61e8576094213b1303def06dc67b0ccd06184f7442d6610d
ficha_indicador_actividad_industrial_entidad_ima_33afd472,boletin_economico_iieg_mayo_2024_47bd3321,near,0.952,64783a6a029f62ad1b2ee00d139481a2fbf85272dd14d2fc7885c9ebc73bd71c
ficha_indicador_actividad_industrial_entidad_ima_33afd472,boletin_economico_iieg_enero_2025_1f358f8f,near,0.980,4ea3417467b71401ef03fd8071a075647434f64fcbe91d880762714d283c5d61
ficha_indicador_actividad_industrial_entidad_ima_33afd472,boletin_economico_jalisco_mayo_2025_09f3df80,near,0.960,eda46b00bd7faf07da676d70a25a3ad1fc502123f084e2ecc1ea69aaa45ca78f
ficha_indicador_actividad_industrial_entidad_ima_33afd472,boletin_economico_jalisco_mayo_2025_09f3df80,exact,1.000,03eb70f96cd1ddde3195f5798d6e4fe38cae8973410cd0caacdf5023f30018a3
ficha_indicador_actividad_industrial_entidad_ima_33afd472,boletin_economico_iieg_enero_2025_1f358f8f,near,0.961,7eeb606af293d5d51206763f941d0734dde5a57424ce4ad01a147cb03171d45b
ficha_indicador_actividad_industrial_entidad_ima_33afd472,boletin_economico_2025,exact,1.000,0c9b4fec08c365017131574eecd2a44e3d75796aff01b8abe688611672d2e511
ficha_indicador_actividad_industrial_entidad_ima_33afd472,boletin_economico_iieg_enero_2025_1f358f8f,near,0.980,91e2de73529a4d60803e5843210ac7ccb0b81f12ccdfa3021351941fd415c311
ficha_indicador_actividad_industrial_entidad_ima_33afd472,boletin_economico_2025,exact,1.000,818bb30297a5b39f61e8576094213b1303def06dc67b0ccd06184f7442d6610d
ficha_indicador_actividad_industrial_entidad_ima_33afd472,boletin_economico_2025,exact,1.000,0c9b4fec08c365017131574eecd2a44e3d75796aff01b8abe688611672d2e511
ficha_indicador_actividad_industrial_entidad_ima_33afd472,boletin_economico_iieg_enero_2025_1f358f8f,near,0.949,23fe9e2eb9b69ba2c620fb3539ca07cea8b0c9af43c1a8310573e5b0fb503b7a
ficha_indicador_actividad_industrial_entidad_ima_33afd472,boletin_economico_2025,exact,1.000,818bb30297a5b39f61e8576094213b1303def06dc67b0ccd06184f7442d6610d
ficha_informativa_encuesta_mensual_de_la_industr_8b2ae026,boletin_economico_2025,near,0.971,74dc68df42e4cb0175686d6a85b531be512a644412159c5f350606dbe1f6763a
ficha_informativa_encuesta_mensual_de_la_industr_8b2ae026,boletin_economico_iieg_enero_2025_1f358f8f,near,0.964,33876d43ccecd4c026140e4d332d0487ad82122fc1f293724e4becd8a2669b87
ficha_informativa_encuesta_mensual_de_la_industr_8b2ae026,boletin_economico_2025,near,0.979,8304ccaca5fbbc81570d32a4c6b59c1354939c65cf82535fd0339aad97ed1a1e
ficha_informativa_encuesta_mensual_de_la_industr_8b2ae026,boletin_economico_iieg_enero_2025_1f358f8f,near,0.954,b3dd24522c17a5eecde5b2b4cae997ca1650351e37e86181e4d72a3a4e4983c9
ficha_informativa_encuesta_mensual_de_la_industr_8b2ae026,boletin_economico_2025,near,0.975,8ea17992f4627772b5672657afc3616d39e99b9c46cbae7220eca8b1cd5836f9
ficha_informativa_encuesta_mensual_de_la_industr_8b2ae026,boletin_economico_jalisco_mayo_2025_09f3df80,near,0.947,ea266546c93c918befa283c1c93a5b4036e112fd44d8733c35df9a3c5cdf83b6
ficha_informativa_indicador_mensual_de_la_activi_753528d4,ficha_actividad_industrial_entidades_imaief_febr_fab27311,near,0.988,30a69b72ff47db5bd8fbeccef43367778d79a40a295eeed434d888c96d53d01e
ficha_informativa_indicador_mensual_de_la_activi_753528d4,boletin_economico_2025,near,0.973,cba717619c786b2e404cdb2bc658b60218b243214c9b70dbc1026c29dd6b3ae6
ficha_informativa_indicador_mensual_de_la_activi_753528d4,boletin_economico_iieg_septiembre_2024_ea5c2c5f,near,0.946,8deb3c3760ba54a9b36a76736d651feabcf6171efaae3b7def057498abfe1e1e
ficha_informativa_indicador_mensual_de_la_activi_753528d4,boletin_economico_2025,near,0.961,7d66a1e67820a747504c05aa5730f98f5d9ac9e0412ca7aaf1228be2fa44102e
ficha_informativa_indicador_mensual_de_la_activi_753528d4,boletin_economico_iieg_enero_2024_cf9b270e,near,0.966,3df1489faae07ee6a602c5d274f5b9a734c2bb0137464dbffe71ea3180c662f3
ficha_informativa_indicador_mensual_de_la_activi_753528d4,ficha_actividad_industrial_entidades_imaief_febr_fab27311,near,0.970,6686b72b217d9e229fc0f87460df67a8faaa21e653aec752af34254499231160
ficha_informativa_indicador_mensual_de_la_activi_753528d4,boletin_economico_iieg_mayo_20230601_7d4c63ed,near,0.982,3489755bff2c7ddb3f51554fa0268aa04fbf42b7304a333124abd5147dff5841
ficha_informativa_indicador_mensual_de_la_activi_753528d4,boletin_economico_jalisco_mayo_2025_09f3df80,near,0.978,b746ff1b13db4a0ae628b3a6131d2489aa932eeb9aaac2622c4384b02cb7a126
ficha_informativa_indicador_mensual_de_la_activi_753528d4,boletin_economico_iieg_mayo_2024_47bd3321,near,0.948,dbd2609b956c61a97cb438ad57028afc51923700c56ddeb7a58dc435ac25d4f7
ficha_informativa_indicador_mensual_de_la_activi_753528d4,boletin_economico_2025,near,0.973,cba717619c786b2e404cdb2bc658b60218b243214c9b70dbc1026c29dd6b3ae6
ficha_informativa_indicador_mensual_de_la_activi_753528d4,boletin_economico_iieg_enero_2025_1f358f8f,near,0.942,ab901520e7e51d735fc20e934de308afc22affdab4fac31cbef7445d083cd432
ficha_informativa_indicador_mensual_de_la_activi_753528d4,boletin_economico_2025,near,0.961,7d66a1e67820a747504c05aa5730f98f5d9ac9e0412ca7aaf1228be2fa44102e
ficha_informativa_indicador_mensual_de_la_activi_753528d4,boletin_economico_2025,near,0.973,cba717619c786b2e404cdb2bc658b60218b243214c9b70dbc1026c29dd6b3ae6
ficha_informativa_indicador_mensual_de_la_activi_753528d4,boletin_economico_iieg_mayo_20230601_7d4c63ed,near,0.963,1df58a2a27dd621f28421c5afaea7cbb4b17a21635eaf10c6aac3894a660b6bd
ficha_informativa_indicador_mensual_de_la_activi_753528d4,boletin_economico_2025,near,0.961,7d66a1e67820a747504c05aa5730f98f5d9ac9e0412ca7aaf1228be2fa44102e
ficha_informativa_imaief_octubre_2023_20240208_c3de4164,ficha_actividad_industrial_entidades_imaief_febr_fab27311,near,0.944,1e5301ea8b31bd2e9c272cc5245ea3398991f6442b224a647dd3d0ed806b0975
ficha_informativa_imaief_octubre_2023_20240208_c3de4164,boletin_economico_2025,near,0.973,cba717619c786b2e404cdb2bc658b60218b243214c9b70dbc1026c29dd6b3ae6
ficha_informativa_imaief_octubre_2023_20240208_c3de4164,boletin_economico_iieg_septiembre_2024_ea5c2c5f,near,0.942,bbe70f8621e80daad120b7fb7b1ec7e14889386b8160fc854656170f8aef6caf
ficha_informativa_imaief_octubre_2023_20240208_c3de4164,boletin_economico_2025,near,0.961,7d66a1e67820a747504c05aa5730f98f5d9ac9e0412ca7aaf1228be2fa44102e
ficha_informativa_imaief_octubre_2023_20240208_c3de4164,boletin_economico_iieg_enero_2024_cf9b270e,near,0.961,9c34689abd46cbd46e3ed3c5f172d557b7d90e2cb8e142c3e989e1b90254d720
ficha_informativa_imaief_octubre_2023_20240208_c3de4164,boletin_economico_iieg_enero_2024_cf9b270e,near,0.976,63d190f31bfb55becd57fefdd0cf3c22326397e016f2d9ae23ff2c7fa72ea110
ficha_informativa_imaief_octubre_2023_20240208_c3de4164,boletin_economico_iieg_enero_2024_cf9b270e,near,0.980,fce688fbeabc15f6b15311c36775336f9f98258b1e2163dee975dc1c13930b7a
ficha_informativa_imaief_octubre_2023_20240208_c3de4164,ficha_actividad_industrial_entidades_imaief_febr_fab27311,near,0.980,bb6a795dacfc89decd6a1d7b88e528f6a978d754e019bc58b1d40f967cd452fe
ficha_informativa_imaief_octubre_2023_20240208_c3de4164,boletin_economico_jalisco_mayo_2025_09f3df80,near,0.983,623cd9cd656d1382714c3acbfe7cff11b1b9b8e02821ee6094e2e456c1bcbb29
ficha_informativa_imaief_octubre_2023_20240208_c3de4164,boletin_economico_iieg_enero_2024_cf9b270e,near,0.961,670255355ed3783f9067b4681322c6ff0fb00c74d41cff986c025f8bb257c725
ficha_informativa_imaief_octubre_2023_20240208_c3de4164,boletin_economico_2025,near,0.973,cba717619c786b2e404cdb2bc658b60218b243214c9b70dbc1026c29dd6b3ae6
ficha_informativa_imaief_octubre_2023_20240208_c3de4164,boletin_economico_iieg_septiembre_20231002_e9c4d7d3,near,0.953,2d39902365ffc3fb720954faf5f1cc4c2adeb62d9760d812b8be25ce48275fa8
ficha_informativa_imaief_octubre_2023_20240208_c3de4164,boletin_economico_2025,near,0.961,7d66a1e67820a747504c05aa5730f98f5d9ac9e0412ca7aaf1228be2fa44102e
ficha_informativa_imaief_octubre_2023_20240208_c3de4164,boletin_economico_2025,near,0.973,cba717619c786b2e404cdb2bc658b60218b243214c9b70dbc1026c29dd6b3ae6
ficha_informativa_imaief_octubre_2023_20240208_c3de4164,boletin_economico_2025,near,0.961,7d66a1e67820a747504c05aa5730f98f5d9ac9e0412ca7aaf1228be2fa44102e
ficha_informativa_imaief_junio_2023_20231010_ee832f12,ficha_actividad_industrial_entidades_imaief_febr_fab27311,near,0.949,5b004d0ad1237a7c0a5ab7a0c128c6fdec1467e3eab9da40c56536276dfdadbe
ficha_informativa_imaief_junio_2023_20231010_ee832f12,boletin_economico_2025,near,0.973,cba717619c786b2e404cdb2bc658b60218b243214c9b70dbc1026c29dd6b3ae6
ficha_informativa_imaief_junio_2023_20231010_ee832f12,boletin_economico_iieg_septiembre_2024_ea5c2c5f,near,0.949,6b4816e4d8bb210fa8c59b9f1ca88e0bd3aade8063424e93236e638d78145fcc
ficha_informativa_imaief_junio_2023_20231010_ee832f12,boletin_economico_2025,near,0.961,7d66a1e67820a747504c05aa5730f98f5d9ac9e0412ca7aaf1228be2fa44102e
ficha_informativa_imaief_junio_2023_20231010_ee832f12,boletin_economico_iieg_enero_2024_cf9b270e,near,0.961,855578caa1033534dd2987bb15ac9a2e9e87b39805842ff62cb0f187d39b70c5
ficha_informativa_imaief_junio_2023_20231010_ee832f12,boletin_economico_iieg_enero_2024_cf9b270e,near,0.972,239d9510519500af825a0a55be27459fb5fcb9283be6159edd8042c929c09dfc
ficha_informativa_imaief_junio_2023_20231010_ee832f12,boletin_economico_iieg_septiembre_2024_ea5c2c5f,near,0.942,58d4b0b9a772b5d4d9cd9f7b64f8317ec5e0f587cfeec28202d7a0b72eee4af1
ficha_informativa_imaief_junio_2023_20231010_ee832f12,boletin_economico_jalisco_mayo_2025_09f3df80,near,0.983,623cd9cd656d1382714c3acbfe7cff11b1b9b8e02821ee6094e2e456c1bcbb29
ficha_informativa_imaief_junio_2023_20231010_ee832f12,boletin_economico_2025,near,0.973,cba717619c786b2e404cdb2bc658b60218b243214c9b70dbc1026c29dd6b3ae6
ficha_informativa_imaief_junio_2023_20231010_ee832f12,boletin_economico_iieg_septiembre_20231002_e9c4d7d3,near,0.960,f1a54f08afc186876a5ebf9d61b2898dbb3ed066a615cc19c0256baf95f09dbb
ficha_informativa_imaief_junio_2023_20231010_ee832f12,boletin_economico_2025,near,0.961,7d66a1e67820a747504c05aa5730f98f5d9ac9e0412ca7aaf1228be2fa44102e
ficha_informativa_imaief_junio_2023_20231010_ee832f12,boletin_economico_2025,near,0.973,cba717619c786b2e404cdb2bc658b60218b243214c9b70dbc1026c29dd6b3ae6
ficha_informativa_imaief_junio_2023_20231010_ee832f12,boletin_economico_iieg_mayo_20230601_7d4c63ed,near,0.963,a9fc27d50d67587624b2cd28d119a8147469068545387229fe33aeeda62909cc
ficha_informativa_imaief_junio_2023_20231010_ee832f12,boletin_economico_2025,near,0.961,7d66a1e67820a747504c05aa5730f98f5d9ac9e0412ca7aaf1228be2fa44102e
ficha_informativa_imaief_febrero_2023_20230608_fc884d99,boletin_economico_jalisco_mayo_2025_09f3df80,near,0.947,e1fa837af759cc7c80e3e9137cc3013344cac2f9b446243bcb1b6f0911f30e00
ficha_informativa_imaief_febrero_2023_20230608_fc884d99,boletin_economico_2025,near,0.973,cba717619c786b2e404cdb2bc658b60218b243214c9b70dbc1026c29dd6b3ae6
ficha_informativa_imaief_febrero_2023_20230608_fc884d99,boletin_economico_iieg_enero_2025_1f358f8f,near,0.943,742886284a08bfb5ca9bcd04f6ab2fb71f3dd9490b26364fc8d2f40c1fadce23
ficha_informativa_imaief_febrero_2023_20230608_fc884d99,boletin_economico_2025,near,0.961,7d66a1e67820a747504c05aa5730f98f5d9ac9e0412ca7aaf1228be2fa44102e
ficha_informativa_imaief_febrero_2023_20230608_fc884d99,boletin_economico_iieg_mayo_2024_47bd3321,near,0.950,b8ed60ddb56622149b4c8e7045dd4ac1277ced798b8fadf3f4506b4d9b74f82a
ficha_informativa_imaief_febrero_2023_20230608_fc884d99,boletin_economico_jalisco_mayo_2025_09f3df80,near,0.946,9b168cd9b7ff56bec4cb4b15f7b41ff4a1bd939fe4e0e1d1d449ec69de1d52c7
ficha_informativa_imaief_febrero_2023_20230608_fc884d99,boletin_economico_iieg_mayo_2024_47bd3321,near,0.979,d783e6dbea0c280ffe3cdded2c38fcc2c295f7276654e5a8aba61f36c9ef22d3
ficha_informativa_imaief_febrero_2023_20230608_fc884d99,ficha_informativa_imaief_junio_2023_20231010_ee832f12,near,0.946,bfc2b79ddb6302260319d368187439c71d4b372f4ebc0db7758825a302989364
ficha_informativa_imaief_febrero_2023_20230608_fc884d99,boletin_economico_jalisco_mayo_2025_09f3df80,near,0.983,623cd9cd656d1382714c3acbfe7cff11b1b9b8e02821ee6094e2e456c1bcbb29
ficha_informativa_imaief_febrero_2023_20230608_fc884d99,boletin_economico_2025,near,0.973,cba717619c786b2e404cdb2bc658b60218b243214c9b70dbc1026c29dd6b3ae6
ficha_informativa_imaief_febrero_2023_20230608_fc884d99,boletin_economico_iieg_septiembre_20231002_e9c4d7d3,near,0.955,52305c8143aeb876ef3d22c8ed3066d51fee042ba445f09995f586f5ef967f3d
ficha_informativa_imaief_febrero_2023_20230608_fc884d99,boletin_economico_2025,near,0.961,7d66a1e67820a747504c05aa5730f98f5d9ac9e0412ca7aaf1228be2fa44102e
ficha_informativa_imaief_febrero_2023_20230608_fc884d99,boletin_economico_iieg_mayo_20230601_7d4c63ed,near,0.965,3e43b50330e769d8e7cd1d773612b329f65ebc5caf21053593f75351638a1a81
ficha_informativa_imaief_febrero_2023_20230608_fc884d99,boletin_economico_2025,near,0.973,cba717619c786b2e404cdb2bc658b60218b243214c9b70dbc1026c29dd6b3ae6
ficha_informativa_imaief_febrero_2023_20230608_fc884d99,boletin_economico_iieg_enero_2025_1f358f8f,near,0.942,61936f93d896cff7adcdb94faeb01604254fa5f7b3da7b37ae6cae592b78f050
ficha_informativa_imaief_febrero_2023_20230608_fc884d99,boletin_economico_2025,near,0.961,7d66a1e67820a747504c05aa5730f98f5d9ac9e0412ca7aaf1228be2fa44102e
ficha_informativa_enec_diciembre_2022_20230222_211966f1,boletin_economico_iieg_mayo_20230601_7d4c63ed,exact,1.000,ac7a6e722ddc98c8d11ff8f1d3d9df94aeab4978bc624c45aa5e7bf650204fbc
ficha_informativa_enec_diciembre_2022_20230222_211966f1,boletin_economico_iieg_enero_2025_1f358f8f,near,0.941,74643d8283c5123550c578948b0ccd36d2025f4489de5e110ad59af4d7148452
ficha_informativa_enec_diciembre_2022_20230222_211966f1,boletin_economico_2025,near,0.942,ba0d08dcf248ce21a8d606054f1dea99b9bc4b6bda45030aebe21c5c2dfae953
ficha_informativa_enec_diciembre_2022_20230222_211966f1,boletin_economico_2025,near,0.941,91d65d7a898896d55746d25e7500b1e8e4735cb99deb4c15d8cd74c88f220c39
ficha_industria_manufacturera_immex_jalisco_juni_26164ad7,boletin_economico_2025,exact,1.000,0ae7d8a0dc8817cf074506c71cb72dc7a59000bf41525f30a6d56c9b8854df3a
ficha_industria_manufacturera_immex_jalisco_juni_26164ad7,boletin_economico_2025,near,0.985,f9fe91cca58aef59a82aad2ee6f44de054f68c63e2ea81cf54c3aacec0dd4476
ficha_industria_manufacturera_immex_jalisco_juni_26164ad7,boletin_economico_2025,near,0.982,d647fcd2c09cdb77f091004cafd2fc9ea33777da8e5ef2516e8a18456af5244d
ficha_industria_manufacturera_immex_jalisco_juni_26164ad7,boletin_economico_2025,near,0.978,6442897f9c83002fd5b39fab14bbce6c3e8008ea2cb6d4371a896f3d5fd1f99c
ficha_industria_manufacturera_immex_jalisco_juni_26164ad7,boletin_economico_2025,near,0.979,164d5b46de7bd1593304de72efad1c8c2a9427df43cb86c0d101d431ce4e670d
ficha_industria_manufacturera_immex_jalisco_juni_26164ad7,boletin_economico_2025,near,0.967,efd442613aad03276beb5eb7f021831a0ed5ccb2f42bf5edabeb4c6c25876771
ficha_industria_manufacturera_immex_jalisco_juni_26164ad7,boletin_economico_2025,near,0.977,ef95f5d3ee862673376749f52291e920012f1e96827b438a69e7a4dd9b298e02
ficha_industria_manufacturera_immex_jalisco_juni_26164ad7,boletin_economico_2025,near,0.970,551499cafaf7c97a42b7c85e5ad3bda86a603b79881e1c8856bc0570600c1b99
ficha_industria_manufacturera_immex_jalisco_juni_26164ad7,boletin_economico_2025,near,0.967,652daa07c9950630b697d78cf57dae5e3ce949143c9294bcc1d9978036aae8dd
ficha_informativa_immex_diciembre_2024_3215883c,ficha_industria_manufacturera_immex_jalisco_juni_26164ad7,near,0.948,ac8133f876e69ffaf8461de1328965b2252fe7125872a811101ff0ed7257eab4
ficha_informativa_immex_diciembre_2024_3215883c,boletin_economico_iieg_enero_2025_1f358f8f,near,0.949,66ea0085fcb7bd6ee80b189af13e8c2ae35e61e1cbb2bfde0d17322cdfa38ee8
ficha_informativa_immex_diciembre_2024_3215883c,boletin_economico_jalisco_mayo_2025_09f3df80,near,0.950,97d7185eab6eb438762515938ed3dfcbe578f47015793d0db78d9d9a2a200ee5
ficha_informativa_immex_diciembre_2024_3215883c,boletin_economico_jalisco_mayo_2025_09f3df80,near,0.941,f68af194f5a8c3892332d11efc01e91e3bba323009c75bcb9fca14a007650e44
ficha_informativa_immex_diciembre_2024_3215883c,boletin_economico_iieg_septiembre_2024_ea5c2c5f,near,0.977,35b085b2f0c75d13a1bc2f7ae165af3d6163c2bff71dcd0ec79bd8e1dab3fe93
ficha_informativa_immex_diciembre_2024_3215883c,boletin_economico_iieg_enero_2025_1f358f8f,near,0.945,31e36dcc012c5bddf6b60212a798168eb3c2d0d0a58bf2a289d039263ce653a1
ficha_informativa_immex_diciembre_2024_3215883c,boletin_economico_jalisco_mayo_2025_09f3df80,near,0.969,39b456ad7dcd4b15b57faa424dc4cec3aa677312a53e662c458233924a6d5d13
ficha_informativa_immex_mayo_2024_20240722_8767d1e1,boletin_economico_2025,near,0.945,d5fa9e8ef7cc0fcf525900bfeb0df22f92cb88e2382610d6cf3a0f38fa5b84d8
ficha_informativa_immex_mayo_2024_20240722_8767d1e1,boletin_economico_jalisco_mayo_2025_09f3df80,near,0.943,777ae592e442f320250d98a853929a1be1c861225128c22d6dc08e8c06ed52e1
ficha_informativa_immex_mayo_2024_20240722_8767d1e1,boletin_economico_iieg_mayo_2024_47bd3321,near,0.962,bc02c6085433baf808be54f29c2b828296600b27e86404f0d3c7f39d0624f43d
ficha_informativa_immex_mayo_2024_20240722_8767d1e1,ficha_informativa_immex_diciembre_2024_3215883c,near,0.978,cfbf748afab7c4462b592da9787fef80d29a2aaf4ed094ee4fa17214a88a66fc
ficha_informativa_immex_mayo_2024_20240722_8767d1e1,boletin_economico_jalisco_mayo_2025_09f3df80,near,0.943,a467e8a403b6a51142a2164e48f6c055f64eb8a1fcd229a7edd61f9a0785200a
ficha_informativa_immex_mayo_2024_20240722_8767d1e1,boletin_economico_iieg_septiembre_2024_ea5c2c5f,near,0.983,41555435dcdd5e899423217300f60f53290f87d576aed7d7275721aeeed05052
ficha_informativa_immex_mayo_2024_20240722_8767d1e1,boletin_economico_iieg_enero_2025_1f358f8f,near,0.941,ca942849cc438587a2f9bde2097f1564e015741023c881cf663479357a068e09
ficha_informativa_immex_mayo_2024_20240722_8767d1e1,boletin_economico_jalisco_mayo_2025_09f3df80,near,0.972,1d98a2e707236b101a75f1803dd2de2db97b2c3878667a8c7a7ad28ff200a01a
ficha_informativa_exportaciones_cuarto_trimestre_696ac9ac,boletin_economico_iieg_septiembre_2024_ea5c2c5f,near,0.951,8082724c552f515820535812648955a12a27afadd4586069d3b45d5694de9725
ficha_informativa_exportaciones_cuarto_trimestre_696ac9ac,boletin_economico_iieg_septiembre_2024_ea5c2c5f,near,0.994,5bf97a9de06ee3500ccdf21b396f4600621929b7bd4033b65a1ddb18227c3f34
ficha_informativa_exportaciones_primer_trimestre_cbb0a29f,ficha_informativa_exportaciones_cuarto_trimestre_696ac9ac,exact,1.000,08a7ef5562796dc556b0580ccf343c4566de7a91ed88d67502c6fec84b75f291
ficha_informativa_exportaciones_primer_trimestre_cbb0a29f,ficha_informativa_exportaciones_cuarto_trimestre_696ac9ac,near,0.940,10041f6d203cae1906ec0ad2778a2b0596830d8537360e067ba652ec518a4cc5
ficha_informativa_exportaciones_primer_trimestre_cbb0a29f,boletin_economico_iieg_septiembre_2024_ea5c2c5f,near,0.961,5e0caccef4c2373bd3bf5c7315499437dc3437fe2de9b406b71b4b062fa6d0f0
ficha_informativa_exportaciones_primer_trimestre_cbb0a29f,boletin_economico_iieg_septiembre_2024_ea5c2c5f,near,0.991,6a4bdab7bccb760e004ed79d7d255e2f9e95c0d9e67f365fd377675064234a45
exportaciones_de_jalisco_durante_el_tercer_trime_6e27d2c1,ficha_informativa_exportaciones_cuarto_trimestre_696ac9ac,near,0.976,3ae7a330d9d48178f14f7501ca6d36665df15f3c2eb7bc496db38612122e0aaf
exportaciones_de_jalisco_durante_el_tercer_trime_6e27d2c1,boletin_economico_iieg_septiembre_2024_ea5c2c5f,near,0.985,3939c5fd6100e140c302b80122da35752d2e4185bf662591e00d37869ed09345
ficha_inversion_extranjera_directa_jalisco_2t_20_a3e6c03e,boletin_economico_2025,exact,1.000,ff38f8d3eb0a1a1be099730e1795702e2abded7e673d564462982fcb0679ca3f
ficha_inversion_extranjera_directa_jalisco_2t_20_a3e6c03e,boletin_economico_2025,exact,1.000,de41ff2b8af3f1e70b85965ee63276fff7a5a498fa241a145f17368f1df260ef
ficha_inversion_extranjera_directa_jalisco_2t_20_a3e6c03e,boletin_economico_2025,exact,1.000,9e560ba51636735eed5803701452841c657d2e9bc4c4daa2276d800eee56ea73
ficha_inversion_extranjera_directa_jalisco_2t_20_a3e6c03e,boletin_economico_2025,near,0.970,c8e23f326cc27390d23229970b8c52718f9d5b78992b6befa757e76580a8089d
ficha_inversion_extranjera_directa_jalisco_2t_20_a3e6c03e,boletin_economico_2025,near,0.968,fcf2a0b9d078d285e77dc71a6573a1238ede904880fcad9c65e16032249a4862
ficha_inversion_extranjera_directa_jalisco_2t_20_a3e6c03e,boletin_economico_2025,near,0.962,7ca3f77f40eb8bceae13074d191c38039b5e42c4bf1de1570bf4ab81302890ef
ficha_informativa_ied_segundo_trimestre_20240822_f1171553,boletin_economico_iieg_mayo_2024_47bd3321,near,0.955,eccda60a54a910a330b58284da08e27b894fce37c1dbe8639de854654701dcdd
ficha_informativa_ied_segundo_trimestre_20220823_e0d8c569,ficha_informativa_ied_segundo_trimestre_20240822_f1171553,near,0.945,9ae5271457ea43c9c7daee50c7abd0e2d42d6bbb7ab6e67a00ee180941ed3d46
ficha_informativa_ied_segundo_trimestre_20220823_e0d8c569,ficha_informativa_ied_segundo_trimestre_20240822_f1171553,near,0.989,86b503bd79804aec0f7110a58e20a3d50b47ea7abc0e2a1a29d6d883deb39f20
ficha_informativa_ied_cierre_2022_20230220_e1a3628a,ficha_informativa_ied_segundo_trimestre_20240822_f1171553,near,0.948,437f09cdab471bffaadb132e0c4f522bc00da1c0f273386eeaf9fbdb9918cdff
ficha_tasa_desocupacion_jalisco_septiembre_2025_bf511486,boletin_economico_iieg_octubre_2025_f674bc71,exact,1.000,e39ce40295d5ccf667928a9b3f37443033be363365d846c549fd849dd4bb6099
ficha_tasa_desocupacion_jalisco_septiembre_2025_bf511486,boletin_economico_iieg_octubre_2025_f674bc71,exact,1.000,56852baa88c667637342e8f015853cae527d9876888e9b0808eff2d01cf20d26
ficha_tasa_desocupacion_jalisco_septiembre_2025_bf511486,boletin_economico_iieg_octubre_2025_f674bc71,exact,1.000,58dedbabb24ee324275f28b578c7fdc328f19ad6b9cc3e6728fa14252270e9ec
ficha_tasa_desocupacion_jalisco_septiembre_2025_bf511486,boletin_economico_iieg_octubre_2025_f674bc71,exact,1.000,cd91980944f6a9e9a41d9f48a0bdd846d59bb7a3e630a017d44532106af0ec47
ficha_empleo_imss_sector_actividad_sector_turism_eeb9b52a,boletin_economico_2025,near,0.949,145da858d8d1a20874699ff6aecbedb30decc4ad0ee29c569bad155f4b4c7526
ficha_empleo_imss_sector_actividad_sector_turism_eeb9b52a,boletin_economico_2025,near,0.957,ce2b05740dd2b4f6efc19cc23e3c508f6aef35a334a4adabe2abddebc5a6dbc6
ficha_empleo_imss_sector_actividad_sector_turism_eeb9b52a,boletin_economico_2025,near,0.951,4c8b9d6d05b0874dc163ae4576f63a1fe2517499a065904734432b3153294bec
ficha_empleo_imss_sector_actividad_sector_turism_eeb9b52a,boletin_economico_2025,near,0.959,67e445f723705e3a2bd48ddf70c528b5ebcc2defc6841eaea7319fe1c0569cd0
ficha_empleo_imss_sector_actividad_sector_turism_eeb9b52a,boletin_economico_iieg_octubre_2025_f674bc71,near,0.945,00fc82959cc3de127a95084913792e147a1e701a8b1a1f45a7cc9c219b0066e5
ficha_empleo_imss_sector_actividad_sector_turism_eeb9b52a,boletin_economico_iieg_octubre_2025_f674bc71,near,0.953,741fe92b41bfc8c6ab3137c5173a7f80492aaae65cef1b11a844f71bb062ea23
ficha_empleo_imss_sector_actividad_sector_turism_eeb9b52a,boletin_economico_2025,exact,1.000,12836bedc8a720c4b8f6f1b4df1ea01799fde2d6e14e058771390ca16aaf9597
ficha_empleo_imss_sector_actividad_sector_turism_eeb9b52a,boletin_economico_2025,near,0.959,ba831774b86c94b6f9d36703c119631cb3fc782c4200dcb6cc0b0a379308553f
ficha_empleo_imss_sector_actividad_sector_turism_eeb9b52a,boletin_economico_2025,near,0.978,c6a5295563fd3daa01238e85f2bb6f588dda2f1d59632bccd57e0802e893f851
ficha_empleo_imss_sector_actividad_sector_turism_eeb9b52a,boletin_economico_iieg_octubre_2025_f674bc71,near,0.954,d79b05ae0f116e29e87c7196cc5b4ba4211727b6624e4b78d882decd5f36c213
ficha_empleo_imss_sector_actividad_sector_turism_eeb9b52a,boletin_economico_iieg_octubre_2025_f674bc71,near,0.970,7acf78f1746f454cc1c182d2c129ce3f2b01086586bca6bbfd376408dfc96cff
ficha_empleo_imss_sector_actividad_sector_turism_eeb9b52a,boletin_economico_jalisco_mayo_2025_09f3df80,near,0.962,53cd2272abab72dae964f005ad4c8dbc13777deb4789d7bba9c0ee23a8f1a55c
ficha_informativa_patrones_imss_jalisco_enero_20_57722476,boletin_economico_2025,near,0.963,067af8d85379daed2c22c7ea1436aa96f05bd60b52e314cc56c8a8bfcb43dfb9
ficha_informativa_patrones_imss_jalisco_enero_20_57722476,boletin_economico_2025,near,0.945,ad8f9e44918c3f8c25065ff28c6dba9b7fbab27858b99bb7d9225afb2c239705
ficha_informativa_patrones_imss_jalisco_enero_20_57722476,boletin_economico_2025,near,0.946,ceff6a117f96dfba8bce8b82f4c008dd7e8bb042668d7acd11e2ff3d8b203db3
ficha_informativa_patrones_imss_septiembre_2024__fc62c119,boletin_economico_iieg_septiembre_2024_ea5c2c5f,near,0.965,a0d3f7a7e6416aae4680a6c5469f9fbf70ef73f2c78bd227e149d49d30cac30d
ficha_informativa_patrones_imss_septiembre_2024__fc62c119,boletin_economico_iieg_enero_2025_1f358f8f,near,0.965,37585de23011cf47bcf40beea3ad8c0600b38cedc7741689a439345aca52af8b
ficha_informativa_patrones_imss_septiembre_2024__fc62c119,boletin_economico_iieg_octubre_2025_f674bc71,near,0.976,10c350fa6c05d59e5ec8ea73b814705b37b72ccbe226d7832505bfa3940e70ac
ficha_informativa_patrones_imss_septiembre_2024__fc62c119,boletin_economico_iieg_septiembre_2024_ea5c2c5f,near,0.961,a489e5f588e9cdf93b090cb788fb117008b17db5b198c18d0cc140612b2b28d8
ficha_informativa_patrones_imss_septiembre_2024__fc62c119,boletin_economico_iieg_septiembre_2024_ea5c2c5f,near,0.956,79ae91223ad16ba1f3575be70854e6db4071faf96dfaa3d372739ee1383b55c8
ficha_informativa_patrones_imss_septiembre_2024__fc62c119,boletin_economico_iieg_septiembre_2024_ea5c2c5f,near,0.955,d8ec642f3aa6995877d908acb03e1470961e12aff38042bb4171b6d19395ccc9
ficha_informativa_patrones_imss_septiembre_2024__fc62c119,boletin_economico_iieg_septiembre_2024_ea5c2c5f,near,0.972,2988fed0df5d6c76dbbc0020de24fd7f3a7fbd853eb4c903058fa9513b407078
ficha_informativa_patrones_imss_septiembre_2024__fc62c119,boletin_economico_iieg_septiembre_2024_ea5c2c5f,near,0.942,bc069edaa1e97aeb77a5178c23bb257ed8f2d44507ffbc5cf767f15d93e5fd56
ficha_informativa_patrones_imss_mayo_2024_202406_948a8026,boletin_economico_iieg_mayo_2024_47bd3321,near,0.976,9fb64bccbfc69612a1c291a9c707b92cd9c0cffee69a27ac2723eaf31155cb12
ficha_informativa_patrones_imss_mayo_2024_202406_948a8026,boletin_economico_iieg_octubre_2025_f674bc71,near,0.958,a69184e969266b02ad187c005612a7118ddba488e52a2b20ab73c2b425eca8e3
ficha_informativa_patrones_imss_mayo_2024_202406_948a8026,boletin_economico_iieg_mayo_2024_47bd3321,near,0.970,06eec462b0cd09e1cf9a535b7ee672c066458b1d3babaf642a2a1bb638c0384e
ficha_informativa_patrones_imss_mayo_2024_202406_948a8026,boletin_economico_iieg_mayo_2024_47bd3321,near,0.945,7c0a0bd3a78f392d4915babd616af5b024864687ef4e355aa787ad683f507406
ficha_informativa_empleo_imss_septiembre_2023100_eaf959db,boletin_economico_2025,near,0.990,23d20657809c4ee1a6434eb8e17cc2414b9c47af3e84d54a9b98f667661c17e6
ficha_informativa_empleo_imss_septiembre_2023100_eaf959db,boletin_economico_iieg_septiembre_20231002_e9c4d7d3,near,0.942,fc060f3322a52fe9e0df1d43b10cd1ce79c5016ca806be9527a1f0d767a523c5
ficha_informativa_empleo_imss_septiembre_2023100_eaf959db,boletin_economico_2025,near,0.990,23d20657809c4ee1a6434eb8e17cc2414b9c47af3e84d54a9b98f667661c17e6
ficha_informativa_empleo_imss_septiembre_2023100_eaf959db,boletin_economico_iieg_septiembre_2024_ea5c2c5f,near,0.944,31c1cdb4ea0edd3b79f3ec86fc09957ba5cffb1e13f87c615728a20c89656c7f
ficha_informativa_empleo_imss_septiembre_2023100_eaf959db,boletin_economico_2025,near,0.990,23d20657809c4ee1a6434eb8e17cc2414b9c47af3e84d54a9b98f667661c17e6
ficha_informativa_empleo_imss_septiembre_2023100_eaf959db,boletin_economico_iieg_septiembre_20231002_e9c4d7d3,near,0.971,50f3807c9773809ae7aa2c0478946489eb6e6372fd9d9e768c9d37422cf96825
ficha_informativa_empleo_imss_mayo_20230605_c4adb0f0,boletin_economico_2025,near,0.978,c3eec0b0c9ce3a2a28596449dd386ebe853bcaacd21091374296d6d37e6dd7d7
ficha_informativa_empleo_imss_mayo_20230605_c4adb0f0,boletin_economico_2025,near,0.978,c3eec0b0c9ce3a2a28596449dd386ebe853bcaacd21091374296d6d37e6dd7d7
ficha_informativa_empleo_imss_mayo_20230605_c4adb0f0,boletin_economico_2025,near,0.978,c3eec0b0c9ce3a2a28596449dd386ebe853bcaacd21091374296d6d37e6dd7d7
ficha_informativa_empleo_imss_mayo_20230605_c4adb0f0,boletin_economico_iieg_septiembre_20231002_e9c4d7d3,near,0.947,98016941265792dd65465a6c84062cee10b9fb347e5e5ea920a266a8eb3b0d68
ficha_informativa_encuesta_nacional_de_ocupacion_9d3591e2,boletin_economico_2025,near,0.949,6571f4f7d9283d3692768350ce65df341c71f3352671b55e2cb7f5e2dec42119
ficha_informativa_encuesta_nacional_de_ocupacion_9d3591e2,boletin_economico_iieg_septiembre_2024_ea5c2c5f,near,0.997,e8b185ac112f3f2f8e92086674b13c2738682d092dba143db5a082a9cc4b371d
ficha_informativa_encuesta_nacional_de_ocupacion_9d3591e2,boletin_economico_iieg_septiembre_2024_ea5c2c5f,near,0.979,5a8c16b21a5e0be4da9d990ea9bbd69ec941b064cac3323ed175cc8bebe3853e
ficha_informativa_producto_interno_bruto_jalisco_45742697,ficha_producto_interno_bruto_pib_jalisco_cifras__a6091c51,near,0.953,9d8110105ec19f4a35ec9142661cb91f37f06dd74ccbd975b9f44aab78e96976
ficha_informativa_producto_interno_bruto_jalisco_45742697,ficha_producto_interno_bruto_pib_jalisco_cifras__a6091c51,near,0.971,adcf90e84fd98363dede3805f0fffee049629838e843470c0019b9b1b4da1e64
ficha_informativa_producto_interno_bruto_de_jali_01912c4b,ficha_producto_interno_bruto_pib_jalisco_cifras__a6091c51,near,0.945,41ea4f2e490949ffb4c92598d3368235cd126245bdc36cce79adf0ae951c250b
ficha_informativa_producto_interno_bruto_de_jali_01912c4b,ficha_informativa_producto_interno_bruto_jalisco_45742697,near,0.990,7b1bd03777007306d224983574b73adaa65b48e209aec57caf1315e3abf34fd8
ficha_informativa_producto_interno_bruto_de_jali_01912c4b,ficha_producto_interno_bruto_pib_jalisco_cifras__a6091c51,near,0.963,0b4a86c7826ad8cf0fd5637be361acac2cfc9889e81ac8a2715528c29f07713f
ficha_informativa_producto_interno_bruto_de_jali_01912c4b,ficha_producto_interno_bruto_pib_jalisco_cifras__a6091c51,near,0.974,f27af3cd572824beef8bec1c4cd07322dd6d73f46873d7699dddacbb70ff1757
ficha_informativa_producto_interno_bruto_de_jali_01912c4b,ficha_producto_interno_bruto_pib_jalisco_cifras__a6091c51,near,0.986,c3097fdf4aa7c1907b28edd7e0bb431efdbff3bb4a9a9a59c89932426be986a3
ficha_informativa_producto_interno_bruto_de_jali_1345f110,ficha_informativa_producto_interno_bruto_de_jali_01912c4b,near,0.942,0de37a1594703137d3291b59e7e6aff5b02a391d808f0cd4b6b0316b025fc123
ficha_informativa_producto_interno_bruto_de_jali_1345f110,ficha_informativa_producto_interno_bruto_jalisco_45742697,near,0.994,4b7639ce6417e0f000d569463bff606b8a61a59d38c903bee59c9b94ef911929
ficha_informativa_producto_interno_bruto_de_jali_1345f110,ficha_producto_interno_bruto_pib_jalisco_cifras__a6091c51,near,0.961,2e78fd738da95be01bd3fb8947258dd7989d95df0f5da4c1772daa89512a47a4
ficha_informativa_producto_interno_bruto_de_jali_1345f110,ficha_producto_interno_bruto_pib_jalisco_cifras__a6091c51,near,0.980,133f633724e327eb6cd687d75e226d4959472d9177dda60db9b6bd6ec1cbbd68
ficha_informativa_producto_interno_bruto_de_jali_1345f110,ficha_producto_interno_bruto_pib_jalisco_cifras__a6091c51,near,0.961,3a9edf86b70b3daa01319b5307d5f9f586e6a1206eaaf901d656037fe9512409
ficha_informativa_producto_interno_bruto_de_jali_1345f110,ficha_producto_interno_bruto_pib_jalisco_cifras__a6091c51,near,0.971,d3ecf92bd1d97a9b6a98b336f6908dc5f85f7865f1ca12321ba97317c7c33fb5
ficha_pib_estatal_jalisco_2023_c26f9f48,ficha_informativa_producto_interno_bruto_de_jali_01912c4b,near,0.992,7a03a75e625990cbc9f503e98a7f9653cf4d2ecb1344fcf3a5b2d5a00c2effb9
ficha_pib_estatal_jalisco_2023_c26f9f48,ficha_informativa_producto_interno_bruto_jalisco_45742697,near,0.967,81a2de85f711349535d46f78619a3d313ffca5db85574419417605e9892d1bf2
ficha_pib_estatal_jalisco_2023_c26f9f48,ficha_producto_interno_bruto_pib_jalisco_cifras__a6091c51,near,0.950,2e5ffc54df453ba8b0e7bd0808806259e0d2f53feb0aa94c395638974418463b
ficha_pib_estatal_jalisco_2023_c26f9f48,ficha_informativa_producto_interno_bruto_jalisco_45742697,near,0.971,5415fb9c70dfd1609e72ff58b30419479493fdc11c5d8ba6fede5f7d94ffa40f
ficha_pib_estatal_jalisco_2023_c26f9f48,ficha_informativa_producto_interno_bruto_jalisco_45742697,near,0.992,0cda00845deafe729a0a54761ee3c881f7f7743b3e1cf4de23c032a2b9462926
ficha_pib_estatal_jalisco_2023_c26f9f48,ficha_producto_interno_bruto_pib_jalisco_cifras__a6091c51,near,0.964,a7568316a90614dfa27f30edaef63e0c5efd278975b78b97aec0d9db317e404b
ficha_pib_estatal_jalisco_2023_c26f9f48,ficha_producto_interno_bruto_pib_jalisco_cifras__a6091c51,near,0.975,08d87ece2ff52f1b8e81497c5971d56541f4e718f5382763dd8089abb183de96
ficha_pib_estatal_jalisco_2023_c26f9f48,ficha_producto_interno_bruto_pib_jalisco_cifras__a6091c51,near,0.952,bedfa41e98166906e34ac295a24b5c21bebe2e9c7c5799aab2011cce11aaa13f
ficha_pib_estatal_jalisco_2023_c26f9f48,ficha_producto_interno_bruto_pib_jalisco_cifras__a6091c51,near,0.972,48479f28198e57b06acad8a898e15aafcbe529467f375b475c369548512b8968
ficha_actividad_economica_itaee_jalisco_2do_trim_e044fe3d,boletin_economico_iieg_octubre_2025_f674bc71,exact,1.000,7c8d59c2abd2586e339cc17b1f28585b9bbbeacd8879eb68de8a797c50d06283
ficha_actividad_economica_itaee_jalisco_2do_trim_e044fe3d,boletin_economico_iieg_octubre_2025_f674bc71,exact,1.000,412e03dbfe4c5b9829708ed8beccc3113cca09e6046665100da9afdd9b60d667
ficha_actividad_economica_itaee_jalisco_2do_trim_e044fe3d,boletin_economico_iieg_octubre_2025_f674bc71,exact,1.000,3dca91528560c5f2c11d480b83081e130ccd6bde597ba5e05fc6cef201bef16b
ficha_actividad_economica_itaee_jalisco_2do_trim_e044fe3d,boletin_economico_iieg_octubre_2025_f674bc71,exact,1.000,6dd65ccbc23a3e61ec327c5747ccc115e89b9abf333f21a643c30b860ce54e25
ficha_actividad_economica_itaee_jalisco_2do_trim_e044fe3d,boletin_economico_iieg_octubre_2025_f674bc71,exact,1.000,402f7fdda7cb98dea8c3437749a30187194729b60d6dfdd3f4a0565fd68b20e4
ficha_actividad_economica_itaee_jalisco_2do_trim_e044fe3d,boletin_economico_iieg_octubre_2025_f674bc71,near,0.998,b30623147330a83c212fc809c16f8b089afd85c2ddd151e43d173769e9e56bf2
ficha_actividad_economica_itaee_jalisco_2do_trim_e044fe3d,boletin_economico_iieg_octubre_2025_f674bc71,exact,1.000,aa800ccd7cf07b659116023accee62f40271ae93a53f3ab719b86a39a840801d
ficha_actividad_economica_itaee_jalisco_2do_trim_e044fe3d,boletin_economico_iieg_octubre_2025_f674bc71,exact,1.000,9983c485e898bd7b295f13ab9edabc6ba87d702c015a249f987c0923e8c95e1f
ficha_actividad_economica_itaee_jalisco_2do_trim_e044fe3d,boletin_economico_iieg_octubre_2025_f674bc71,exact,1.000,c5c0066498f06a6d79b1fc65794ade27cd6484659ab9ce7983980969113ee370
ficha_actividad_economica_itaee_jalisco_2do_trim_e044fe3d,boletin_economico_iieg_octubre_2025_f674bc71,exact,1.000,f5b1fd362e7d6f585435dd16d23bc437127ccd90ebc73c7768e08ac5852f4d4b
ficha_vehiculos_hibridos_electricos_jalisco_abri_53c82fa7,boletin_economico_2025,near,0.947,e06fb4c19a2480329cc2cb35aa998122e27cc385ff17bd1c93a15b16e21729a0
ficha_vehiculos_hibridos_electricos_jalisco_abri_53c82fa7,boletin_economico_2025,near,0.998,42c2d0367919f566a55b9d0b996e2398268df905f4891c122c490a02261c54d6
ficha_vehiculos_hibridos_electricos_jalisco_abri_53c82fa7,boletin_economico_2025,near,0.944,250b74fb71218d7ca58352b3759d4b50d97592afded6d8527d529386fb1bc58b
ficha_vehiculos_hibridos_electricos_jalisco_abri_53c82fa7,boletin_economico_2025,near,0.998,7e1cb28ee683e999653d28d5a5c6ebd856208a305cb5fd3b9b78cab456cc46e3
ficha_informativa_sector_72_jalisco_diciembre_20_ba33aff2,boletin_economico_2025,exact,1.000,70105cbbf6bc3a9226d86cd7ddd0b9927731e4595976c90b7e77e942e3254a8b
ficha_informativa_sector_72_jalisco_diciembre_20_ba33aff2,boletin_economico_2025,exact,1.000,99f0d227c588285dbc7f9ce23af6f4a9a6afd38d2b8c43e5a0a4465ef62320de
ficha_informativa_sector_72_jalisco_diciembre_20_ba33aff2,boletin_economico_2025,exact,1.000,b2108db5f90ba1164275a35073acd0cf0dbb56a309776e56504f9179af35137a
ficha_informativa_inflacion_septiembre_20241009_0e1545b3,boletin_economico_iieg_septiembre_2024_ea5c2c5f,exact,1.000,a36e0d2293efddf8f39f762024edcec02eb6c13bd4d0cf727c9cb96e60dc1a28
ficha_informativa_inflacion_septiembre_20241009_0e1545b3,boletin_economico_iieg_enero_2025_1f358f8f,near,0.980,d59d98012594cf1bb04dbba2f055334acd4e16cad56a333f9b75d1ed5ad32132
ficha_informativa_inflacion_septiembre_20241009_0e1545b3,boletin_economico_2025,near,0.978,3bb442f1dc630eba37e4914ab41e49a4fded4d146c6105a469e817608f59f596
ficha_informativa_inflacion_mayo_20240607_a707158e,boletin_economico_iieg_septiembre_2024_ea5c2c5f,exact,1.000,a36e0d2293efddf8f39f762024edcec02eb6c13bd4d0cf727c9cb96e60dc1a28
ficha_informativa_inflacion_mayo_20240607_a707158e,boletin_economico_iieg_septiembre_2024_ea5c2c5f,near,0.940,54368b459e5c6a14c6f0189499b637243229e098c89857a9169996e3205fa5c8
ficha_informativa_inflacion_mayo_20240607_a707158e,ficha_informativa_inflacion_septiembre_20241009_0e1545b3,near,0.944,24e36ef3de5efef3e7ba56f43a44e9725dd6ad74fc2a03f429c46d75721b7272
ficha_informativa_inflacion_mayo_20240607_a707158e,boletin_economico_2025,near,0.978,3bb442f1dc630eba37e4914ab41e49a4fded4d146c6105a469e817608f59f596
ficha_informativa_precio_gasolina_en_enero_2024__ce6992b6,boletin_economico_iieg_septiembre_2024_ea5c2c5f,near,0.947,faf6b7515e5a50bc27e12b0d9bb3f5e02bdd41333ff69f5f2d3a3f1e0af87910
ficha_informativa_precio_gasolina_en_enero_2024__ce6992b6,boletin_economico_iieg_enero_2024_cf9b270e,near,0.967,0c77bf277289582cf13ede9cf6e1c49853623a266ce9c58253546b242240d757
ficha_informativa_precio_gasolina_en_enero_2024__ce6992b6,boletin_economico_iieg_enero_2024_cf9b270e,near,0.966,fa6bcd1a94d4d291cc98dd33e22a7bef9180fa6f5c2c174d2789df795ca5c676
ficha_informativa_indicadores_del_sector_servici_53a028dc,boletin_economico_2025,exact,1.000,de765b29d432a9f2aed550c3781c4feb0d454d7b37ea220f87d1069b85b4574a
ficha_informativa_indicadores_del_sector_servici_53a028dc,boletin_economico_2025,exact,1.000,9ba7f55d716ccb559e0ea348d9b5c1ce815511ef8729ad74002843028801eb9d
ficha_informativa_indicadores_del_sector_servici_53a028dc,boletin_economico_2025,exact,1.000,e18ec0f9b8e5b33245ee284e01f06dfd9eb2103f7318741cd72a13783afd0dcc
ficha_informativa_indicadores_del_sector_servici_53a028dc,boletin_economico_iieg_octubre_2025_f674bc71,near,0.957,7919a6b7263f4ec119f354aa8600ac9dad669b17ce155a387b29094ffe3207f0
ficha_informativa_indicadores_del_sector_servici_53a028dc,boletin_economico_2025,near,0.967,4e71374fc963877dc8a5cd52c2e23244eee1cbac3264c422196eaf84fcd22881
ficha_informativa_indicadores_del_sector_servici_53a028dc,boletin_economico_2025,near,0.967,4e71374fc963877dc8a5cd52c2e23244eee1cbac3264c422196eaf84fcd22881
ficha_informativa_indicadores_del_sector_servici_53a028dc,boletin_economico_iieg_octubre_2025_f674bc71,near,0.965,46b7f85f739d695dd03a8c18e0cf3666c7ff4e916e4a7dbe7bf7fd191ef93714
ficha_informativa_indicadores_del_sector_servici_53a028dc,boletin_economico_2025,near,0.971,8a0ad218f7ef8fe015915ad60de3e7a7c1887a44fdc45b4b0241d4e758f606c2
ficha_informativa_indicadores_del_sector_servici_53a028dc,boletin_economico_2025,exact,1.000,70105cbbf6bc3a9226d86cd7ddd0b9927731e4595976c90b7e77e942e3254a8b
ficha_informativa_indicadores_del_sector_servici_53a028dc,boletin_economico_2025,near,0.967,4e71374fc963877dc8a5cd52c2e23244eee1cbac3264c422196eaf84fcd22881
ficha_informativa_indicadores_del_sector_servici_53a028dc,boletin_economico_2025,near,0.971,8a0ad218f7ef8fe015915ad60de3e7a7c1887a44fdc45b4b0241d4e758f606c2
ficha_informativa_precio_gasolina_en_abril_2023__124ccf84,boletin_economico_iieg_mayo_20230601_7d4c63ed,near,0.955,57301b5bfb9814929c1b18b7433da1c0267593dfdc28f1f79a3c7741b6043009
ficha_informativa_precio_gasolina_en_abril_2023__124ccf84,boletin_economico_jalisco_mayo_2025_09f3df80,near,0.959,ee6989c2202be7d9e37b7d2d531db3239932b1c6810131cfcee853eb89b1e2ca
ficha_informativa_precio_gasolina_en_abril_2023__124ccf84,boletin_economico_iieg_mayo_20230601_7d4c63ed,exact,1.000,76c5a22a4533d6f04d6865be6af33d8b5f116a3718ad322df90594b434b1033c
ficha_informativa_precio_gasolina_en_abril_2023__124ccf84,boletin_economico_iieg_septiembre_2024_ea5c2c5f,near,0.955,bcc88fb39bc394ed47c3bd7d7322d0ccbb60974a1ae89e27cdf3e4af006c186e
ficha_informativa_precio_gasolina_en_abril_2023__124ccf84,boletin_economico_iieg_enero_2024_cf9b270e,near,0.962,c1a09db3bbe7a90286ad6bfdf8440fabb6273b11ebdd29b5fe9d2541b48c2d37
ficha_informativa_precio_gasolina_en_abril_2023__124ccf84,boletin_economico_iieg_mayo_20230601_7d4c63ed,exact,1.000,ae7af7314fad88377dba88f668305ccb1e94a57496f4c8e7a12be3cca415701b
ficha_informativa_precio_gasolina_en_abril_2023__124ccf84,boletin_economico_iieg_mayo_20230601_7d4c63ed,exact,1.000,06d6b275546a4fc1eb0b4e7b6a42be3a162c0929b1aa0f5813c281be5854a147
ficha_informativa_precio_gasolina_en_abril_2023__124ccf84,boletin_economico_iieg_enero_2024_cf9b270e,near,0.956,b22547ccf5b36782bad278aae642f156afc2b7310ab2447c69c09f17dcc768ad
ficha_informativa_pobreza_laboral_4t_20230221_64ea0c43,boletin_economico_iieg_septiembre_2024_ea5c2c5f,exact,1.000,ee61a9fb85a5da83615a42b4fc1600ffb433adfc327ea95ce7e7161816824f9a
ficha_informativa_pobreza_laboral_4t_20230221_64ea0c43,boletin_economico_iieg_septiembre_2024_ea5c2c5f,near,0.956,884d4e47f35f27a683e315123109185485560f7c9014dba3de8d2220c67f344c
radiografia_estadistica_de_la_industria_de_la_ra_15253a79,sector_tic_2023,exact,1.000,d61cab2c07d20cb50e63f5c94a51225ac8f338c7bf7b751d6009b06eaafb348f
radiografia_estadistica_de_la_industria_de_la_ra_15253a79,sector_tic_2023,exact,1.000,2ad5789523375b4f4e34b590543ded150b29f81a2961a9ad33f60c0c11f6bf82
encuesta_de_percepcion_de_la_ola_de_calor_2024_2_db998938,sector_tic_2023,exact,1.000,d61cab2c07d20cb50e63f5c94a51225ac8f338c7bf7b751d6009b06eaafb348f
encuesta_de_percepcion_de_la_ola_de_calor_2024_2_db998938,sector_tic_2023,exact,1.000,2ad5789523375b4f4e34b590543ded150b29f81a2961a9ad33f60c0c11f6bf82
proveeduria_tooling_cluster_983e8fc3,proveeduria_automotriz_2024,near,0.951,efd05e2fc65076cd04fee1ebbf85c1407169da0c8f7ca519b04f4ca95a8526b2
proveeduria_tooling_cluster_983e8fc3,proveeduria_automotriz_2024,near,0.955,5e3b5440336f5f3438bd6b6aa3ff39f1dc271d2143c2da2a979f8cb2fd17b1a8
proveeduria_tooling_cluster_983e8fc3,proveeduria_automotriz_2024,exact,1.000,f1c222d0a538d25ad320613960bc48dc813f04ff165e9b766e308a54f6d50272
proveeduria_tooling_cluster_983e8fc3,proveeduria_automotriz_2024,exact,1.000,2323c484f06cd1ea6ba8c327b43630305c5205c123b0fd048f89ed49735203a4
proveeduria_tooling_cluster_983e8fc3,proveeduria_automotriz_2024,exact,1.000,2323c484f06cd1ea6ba8c327b43630305c5205c123b0fd048f89ed49735203a4
proveeduria_tooling_cluster_983e8fc3,proveeduria_automotriz_2024,exact,1.000,2323c484f06cd1ea6ba8c327b43630305c5205c123b0fd048f89ed49735203a4
proveeduria_tooling_cluster_983e8fc3,proveeduria_automotriz_2024,exact,1.000,2323c484f06cd1ea6ba8c327b43630305c5205c123b0fd048f89ed49735203a4
proveeduria_tooling_cluster_983e8fc3,proveeduria_automotriz_2024,exact,1.000,2323c484f06cd1ea6ba8c327b43630305c5205c123b0fd048f89ed49735203a4
proveeduria_tooling_cluster_983e8fc3,proveeduria_automotriz_2024,exact,1.000,2323c484f06cd1ea6ba8c327b43630305c5205c123b0fd048f89ed49735203a4
proveeduria_tooling_cluster_983e8fc3,proveeduria_automotriz_2024,exact,1.000,2323c484f06cd1ea6ba8c327b43630305c5205c123b0fd048f89ed49735203a4
proveeduria_tooling_cluster_983e8fc3,proveeduria_automotriz_2024,near,0.949,fda3c1573f77c1bf4d3318f5f2e1a4bdaf2ff532e172477c961a21ca12d316a4
proveeduria_tooling_cluster_983e8fc3,proveeduria_automotriz_2024,exact,1.000,2323c484f06cd1ea6ba8c327b43630305c5205c123b0fd048f89ed49735203a4
proveeduria_tooling_cluster_983e8fc3,proveeduria_automotriz_2024,near,0.970,6c1890b7520b90f59fae8d6aabad332509f9587fc12d1e5d5aacadd730563543
proveeduria_tooling_cluster_983e8fc3,proveeduria_automotriz_2024,near,0.958,35e5b7e5fb2b6ef61cdb5da62ce3ef7b751fcc773caa97528ac44324bb4fd9a0
proveeduria_tooling_cluster_983e8fc3,proveeduria_automotriz_2024,near,0.982,da7728e4d9fb6c8a4be3ae4ece9a177fc1645cdf9d4564464ea8e3dd2b1c7339
proveeduria_tooling_cluster_983e8fc3,proveeduria_automotriz_2024,near,0.977,c3a525c3d5ee5e62fbfbd5beb7f9e2a34b352000a445242b2485e9cc71d7b096
proveeduria_tooling_cluster_983e8fc3,proveeduria_automotriz_2024,near,0.972,c9512c517522a11a439c6c0421af42e70553148b02826a4ded247fdd76a6a450
proveeduria_tooling_cluster_983e8fc3,proveeduria_automotriz_2024,near,0.970,4847bee2045da8d4546e4d31d5fb92859e6a343f2d670d5dcde076b5aa1105ac
proveeduria_tooling_cluster_983e8fc3,proveeduria_automotriz_2024,near,0.974,2fc98a7f9dda4eae7f966ddd3aebc58b401dc263e53e761a1ab8585835670d11
proveeduria_tooling_cluster_983e8fc3,proveeduria_automotriz_2024,near,0.971,4eb6bd38423c9bc2ff36c61d0e3dd97a1d8948c329edb67d82d41dfc8c5cd137
proveeduria_tooling_cluster_983e8fc3,proveeduria_automotriz_2024,near,0.981,f54b0d69d304c325478a4dddfbee531a831046567c415d22df56161d88ab3a5f
proveeduria_cluster_de_fundicion_080b0e0e,proveeduria_automotriz_2024,near,0.957,02068f9fa5c6087c63b13755af407a962d60b4f5a624b5e343bc5e3e4d785291
proveeduria_cluster_de_fundicion_080b0e0e,proveeduria_automotriz_2024,near,0.960,3e27e9b383084d62effed341a26cf44981b6fcf143f12d5810a9ddabc5c58c66
proveeduria_cluster_de_fundicion_080b0e0e,proveeduria_automotriz_2024,exact,1.000,f1c222d0a538d25ad320613960bc48dc813f04ff165e9b766e308a54f6d50272
proveeduria_cluster_de_fundicion_080b0e0e,proveeduria_tooling_cluster_983e8fc3,near,0.952,a3dd38a669a5808865da833b6adabe10d1dceee4b3895f1fcca98d57382680d9
proveeduria_cluster_de_fundicion_080b0e0e,proveeduria_automotriz_2024,near,0.987,864b9cc0de32a922e6673ce17fadfda4b4e9bd3abc4666c0d114e6c8ee9601c3
proveeduria_cluster_de_fundicion_080b0e0e,proveeduria_automotriz_2024,exact,1.000,2323c484f06cd1ea6ba8c327b43630305c5205c123b0fd048f89ed49735203a4
proveeduria_cluster_de_fundicion_080b0e0e,proveeduria_automotriz_2024,exact,1.000,2323c484f06cd1ea6ba8c327b43630305c5205c123b0fd048f89ed49735203a4
proveeduria_cluster_de_fundicion_080b0e0e,proveeduria_automotriz_2024,exact,1.000,2323c484f06cd1ea6ba8c327b43630305c5205c123b0fd048f89ed49735203a4
proveeduria_cluster_de_fundicion_080b0e0e,proveeduria_automotriz_2024,exact,1.000,2323c484f06cd1ea6ba8c327b43630305c5205c123b0fd048f89ed49735203a4
proveeduria_cluster_de_fundicion_080b0e0e,proveeduria_automotriz_2024,exact,1.000,2323c484f06cd1ea6ba8c327b43630305c5205c123b0fd048f89ed49735203a4
proveeduria_cluster_de_fundicion_080b0e0e,proveeduria_automotriz_2024,exact,1.000,2323c484f06cd1ea6ba8c327b43630305c5205c123b0fd048f89ed49735203a4
proveeduria_cluster_de_fundicion_080b0e0e,proveeduria_automotriz_2024,exact,1.000,2323c484f06cd1ea6ba8c327b43630305c5205c123b0fd048f89ed49735203a4
proveeduria_cluster_de_fundicion_080b0e0e,proveeduria_automotriz_2024,exact,1.000,2323c484f06cd1ea6ba8c327b43630305c5205c123b0fd048f89ed49735203a4
proveeduria_cluster_de_fundicion_080b0e0e,proveeduria_automotriz_2024,near,0.973,6fbf4fcda834223a698215567a71094b39734a9d89c612b4b96081cd427aeeca
proveeduria_cluster_de_fundicion_080b0e0e,proveeduria_automotriz_2024,exact,1.000,e495e5d1b3984ea98360654679254d63cac2d7a2205441074bece9c7f462a0d9
proveeduria_cluster_de_fundicion_080b0e0e,proveeduria_automotriz_2024,near,0.975,58afe9b690287ef5184c897ea1b13346e02285ccefd00a083db01c20e9a89eb7
proveeduria_cluster_de_electronica_1dee25e1,proveeduria_automotriz_2024,exact,1.000,f1c222d0a538d25ad320613960bc48dc813f04ff165e9b766e308a54f6d50272
proveeduria_cluster_de_electronica_1dee25e1,proveeduria_automotriz_2024,near,0.941,425e196c671401683e0e76d9068081b5281859d16bf74d5eda5021c71982590a
proveeduria_cluster_de_electronica_1dee25e1,proveeduria_automotriz_2024,near,0.987,1bee55473182716696eeed40b901be20aabea5f1e15571091ce53ebc6af3485a
proveeduria_cluster_de_electronica_1dee25e1,proveeduria_automotriz_2024,exact,1.000,2323c484f06cd1ea6ba8c327b43630305c5205c123b0fd048f89ed49735203a4
proveeduria_cluster_de_electronica_1dee25e1,proveeduria_automotriz_2024,exact,1.000,2323c484f06cd1ea6ba8c327b43630305c5205c123b0fd048f89ed49735203a4
proveeduria_cluster_de_electronica_1dee25e1,proveeduria_automotriz_2024,exact,1.000,2323c484f06cd1ea6ba8c327b43630305c5205c123b0fd048f89ed49735203a4
proveeduria_cluster_de_electronica_1dee25e1,proveeduria_automotriz_2024,exact,1.000,2323c484f06cd1ea6ba8c327b43630305c5205c123b0fd048f89ed49735203a4
proveeduria_cluster_de_electronica_1dee25e1,proveeduria_automotriz_2024,exact,1.000,2323c484f06cd1ea6ba8c327b43630305c5205c123b0fd048f89ed49735203a4
proveeduria_cluster_de_electronica_1dee25e1,proveeduria_automotriz_2024,exact,1.000,2323c484f06cd1ea6ba8c327b43630305c5205c123b0fd048f89ed49735203a4
proveeduria_cluster_de_electronica_1dee25e1,proveeduria_automotriz_2024,exact,1.000,2323c484f06cd1ea6ba8c327b43630305c5205c123b0fd048f89ed49735203a4
proveeduria_cluster_de_electronica_1dee25e1,proveeduria_automotriz_2024,exact,1.000,2323c484f06cd1ea6ba8c327b43630305c5205c123b0fd048f89ed49735203a4
proveeduria_cluster_de_electronica_1dee25e1,proveeduria_automotriz_2024,near,0.975,3c7eb29281f75d5bc69446be0773634038f1bc53a527b33fb7db3bbb7340235e
proveeduria_cluster_de_electronica_1dee25e1,proveeduria_automotriz_2024,exact,1.000,e495e5d1b3984ea98360654679254d63cac2d7a2205441074bece9c7f462a0d9
proveeduria_cluster_de_electronica_1dee25e1,proveeduria_automotriz_2024,near,0.968,7cbaaa8ee014fb748b4af02b8d80f0025e1abe9ea59a2e4233d40287d901eb85
proveeduria_cluster_de_electronica_1dee25e1,proveeduria_automotriz_2024,near,0.976,435368dbdb56ce92b052439984e35a82b998662678b958a8372baeb972c66eea
proveeduria_cluster_de_electronica_1dee25e1,proveeduria_automotriz_2024,near,0.983,4b4b56f7c53cdfd49f2a5087b680d4bb1a95094edd93dc556423b66954042538
proveeduria_cluster_de_electronica_1dee25e1,proveeduria_automotriz_2024,near,0.987,74238889d509f438f72f080c760e8e0344406ee4c7723cb41675d3e404404968
encuesta_a_restaurantes_2024_20240627_276d7b11,encuesta_a_restaurantes_2024_20240627_276d7b11,exact,1.000,71669657c12ae5625e3f3c60068b2cc73bce2a26373804631d48abffc0d9b52b
expectativas_1s_2024_23014fd4,expectativas_2024,near,0.999,0e0575b6f21815a90845a9e42f2066539a1e5ef2c6f5d5b250e3c55e123f9921
expectativas_1s_2024_23014fd4,expectativas_2024,exact,1.000,be7ccd9cdb2195cf8ba553384a68c7489e96ad2dff984f201e7e87939a8da8b3
expectativas_1s_2024_23014fd4,expectativas_2024,near,0.997,0d8fe5f116ea281cb529bccd3d4b1cb5c760b15da108a5559e46fa1c430fc15a
expectativas_1s_2024_23014fd4,expectativas_2024,exact,1.000,4284f2c1f42ea0c48fbbf9d1c481b71ccbf4110804065d053fd496a0bf8cf689
expectativas_1s_2024_23014fd4,expectativas_2024,near,0.966,3b4e8aa9448675f06692e292d5af9b874c17aa78c6a0ba5d1d825c421979daff
expectativas_1s_2024_23014fd4,expectativas_2024,exact,1.000,4d9172db08eb1b8d7cb3c85ea5b5a245624ac4f69b811222ec8f1c8cb32ca49e
expectativas_1s_2024_23014fd4,expectativas_2024,near,0.973,644c001112d69bed06428f2bd1e005f6105e7227a6ff6ac16bbc82ca8cf8a6be
expectativas_1s_2024_23014fd4,expectativas_2024,near,0.971,f5d7b99b5338dcd5d6319c50560080db2b916d05cf369e89ea9f91739e9f198d
expectativas_1s_2024_23014fd4,expectativas_2024,near,0.961,40aa8a4fa33eb83d60874aa3aecf243f10303f6595e52997f6befc0d6b49a676
expectativas_1s_2024_23014fd4,expectativas_2024,near,0.997,0cbea23519eeb1343ad4559d83474cfae58eba43d4a59ac46e2d217c5a0c16b8
expectativas_1s_2024_23014fd4,expectativas_2024,near,0.949,98afae338ccb83149b4b3b232cba49b2cbacc25562c2e860747da3cd976efe0b
expectativas_1s_2024_23014fd4,expectativas_2024,near,0.999,126f4f29c1ee861412b7ba79dc4cafedb47ff0227db6eff723558d570a00ff7f
expectativas_1s_2024_23014fd4,expectativas_2024,exact,1.000,572e52fd6faaf7b577e8f128e86d068b87e7af51f6a846e07d6c082bd3a5f53c
expectativas_1s_2024_23014fd4,expectativas_2024,near,0.984,4b27d4c95b2b8efb84af11c5d1e5fe653abc70f49de9a01c749efc46177b88e0
expectativas_1s_2024_23014fd4,expectativas_2024,near,0.968,a0839ecff92d16637247fb03dd100296dbd664fdc47e0edf2c71bc5414c94c81
expectativas_1s_2024_23014fd4,expectativas_2024,near,0.959,421fce7aab3fd55e2822f42c88b5b84c7e0cb4f68947f6e0045e6333985cbda0
expectativas_1s_2024_23014fd4,expectativas_2024,near,0.997,448e4e1d81393aca2d2fd738af9c9a2b1c8f2d5a2453fd1c510194232beb453b
expectativas_1s_2024_23014fd4,expectativas_2024,near,0.982,6702a1f44d4e124202f426c64d80751bcc26f0c298abf05db849a21253a73fe0
expectativas_1s_2024_23014fd4,expectativas_2024,near,0.975,027e5dc5f864b366c962b9768031b249496477db9adff265321430d888b4c0f3
expectativas_1s_2024_23014fd4,expectativas_2024,near,0.957,a66afcfed25f8d7333cc6b1c7439367ecc48ed5b432f620183eb67465e18cb1a
expectativas_1s_2024_23014fd4,expectativas_2024,near,0.969,8374bce9a333b86bb619699fce32a971d29d41edcdd8c23787bdd3bb9c3e254b
expectativas_1s_2024_23014fd4,expectativas_2024,near,0.974,3d604b63f42f82221942f081ad418c70b52c93d951f5dbf8407631a15b728fd1
expectativas_1s_2024_23014fd4,expectativas_2024,near,0.940,b46b9668a7847a41b8b0e99f7b5d58282c04306cc8ae4ad7244792d23b6ffa42
expectativas_1s_2024_23014fd4,expectativas_2024,near,0.977,c53ff8ed468129ca357552beb5bcbaccf57f17707991eefc05e699b36f93c7d3
expectativas_1s_2024_23014fd4,expectativas_2024,near,0.960,4e55eea021403ed72130933a0d77f605c08cb3e27cee46f5dcfc03b395c748a4
expectativas_1s_2024_23014fd4,expectativas_2024,near,0.997,b915f556d8470785b795e1ddb106ea5ccfc29159367343d550d42a6be64da170
expectativas_1s_2024_23014fd4,expectativas_2024,near,0.943,b8af9a757f2dcb875d1bfc9f6b0c47a70fb6d8692e39ad5403f58278e5f2d895
expectativas_1s_2024_23014fd4,expectativas_2024,near,0.962,da934b094c407bd9cade991ab0693a7d17159fc26dc17a0cdf5f7a71a4e895d8
expectativas_1s_2024_23014fd4,expectativas_2024,near,0.963,cff1b85c82f1a1cdd9624d2b0681c66c3eb742d7019766976cb4b11368989954
expectativas_1s_2024_23014fd4,expectativas_2024,near,0.974,bf41a1942244c0bc63608ab34b6e0efeaea0f19e66ffb5b707701f5ff044069c
expectativas_1s_2024_23014fd4,expectativas_2024,near,0.960,2b6bc15c91efd8e1b48220030bc8c57bca33d8148e3f1c89acdad792a272aff2
expectativas_1s_2024_23014fd4,expectativas_2024,near,0.951,8c1094c58320ca6e138e7f835d876838fd0a03d06d61b25c7a0455c0e04d0035
expectativas_1s_2024_23014fd4,expectativas_2024,near,0.987,29321ffc6ad667e5515bf019fa54cf56981e604fc769469dab0c90213ce7f701
expectativas_1s_2024_23014fd4,expectativas_2024,near,0.947,21c191fbd24324f7fb0101bf40f9c624077551a2cd1beca18fd51840a4679bc4
expectativas_1s_2024_23014fd4,expectativas_2024,near,0.965,f55dbbac6d16e928b5adbb607c592a56ddafc16d805b5b97c9cbf12ab3e817aa
expectativas_1s_2024_23014fd4,expectativas_2024,near,0.973,4c2df417ce768aea8f9ad890ad7519a236ff1ac681d65dcf43dd5025fea7b193
expectativas_1s_2024_23014fd4,expectativas_2024,near,0.956,63cdc0c37487d710851f1152d485ebe5c08afbef67b9fc5bfd4a408f94b79e5b
expectativas_1s_2024_23014fd4,expectativas_2024,near,0.961,2af16b46f9267fc41a1aff21a3fe27e47af4182bdc8dd74019b4d7d7ecc4feb3
expectativas_1s_2024_23014fd4,expectativas_2024,near,0.953,30f729bf06de6dc31fdd6c1cf3972111c9cc8ae95bbb67627cea09b10e46c345
expectativas_1s_2024_23014fd4,expectativas_2024,near,0.945,29dce44e272cf5f5ffdb8a40bab70a8a66036af33a4d494084dd1817e82cbc2b
expectativas_1s_2024_23014fd4,expectativas_2024,near,0.965,d5ea982dbdbb4e73a7cd9a43d8a83a28f12eb88483c0da4df578adfea9290d1b
expectativas_1s_2024_23014fd4,expectativas_2024,near,0.960,a012d61881273db953ec8cf46e019bbf50cc40a9e459b546215bd48e972b35ae
expectativas_1s_2024_23014fd4,expectativas_2024,near,0.947,a1af946cf29c9c1cf59caaabed14529c865fc7b947dc7fdd77204d0b56ba0e14
expectativas_1s_2024_23014fd4,expectativas_2024,near,0.963,22a7bc413522acd26e0a2b9690450cc8b06130d5b382ec1d0d3b641e910c2bfa
expectativas_1s_2024_23014fd4,expectativas_2024,near,0.942,5faef02a86e262c7ff22df439380ad1bc6d4c95744ca0e5c904f707dd36ab82e
expectativas_1s_2024_23014fd4,expectativas_2024,near,0.950,7c9e4c77e098ccd019fa4509361b3e4d083b362c5865739419e89bda8bd8ba99
expectativas_1s_2024_23014fd4,expectativas_2024,near,0.973,172a13e1197fc03a11906229d1b467e9e3bcc81ff3332eeb4982976d700668a3
expectativas_1s_2024_23014fd4,expectativas_2024,near,0.960,3ef843107a06806724601e7eb5c8c7438bf00ffab0d24bb42f52dbff5389d3fb
expectativas_1s_2024_23014fd4,expectativas_2024,near,0.945,ad5f1e29431cb3cb3fe25e5764d8bc55f5ae08bb5e26e338f51f3b1899345cb7
expectativas_1s_2024_23014fd4,expectativas_2024,near,0.965,cba1fe8e6aae44e70626ac18dd5ea17034b5e30a9fb5b73a6e9b867c7ff23226
expectativas_1s_2024_23014fd4,expectativas_2024,near,0.979,abd80c658379d1d087e05c1470a2355b1106184fbb457996e66143bd2683c835
expectativas_1s_2024_23014fd4,expectativas_2024,near,0.971,93652cfeec514e4627f277950ed534331bea3f54aca71b1080d10fefd26648af
expectativas_1s_2024_23014fd4,expectativas_2024,near,0.947,2468d8dc6a5352279f5f4f9a1049346cf2ab5fa30e71cba267c698ae44d7f37b
expectativas_1s_2024_23014fd4,expectativas_2024,near,0.963,fb4849df3984cb8d602e6107360d6bec27000c5fecddfac5ff18b671ed377f74
expectativas_1s_2024_23014fd4,expectativas_2024,near,0.971,74090c3dc94d32599dcb2e7f223da39341bc38807e32ec3d595d2c691f5faf99
expectativas_1s_2024_23014fd4,expectativas_2024,near,0.945,2572a38edec4cc185cc475c4aee62b3510314da956580259ae514c912f715c58
expectativas_1s_2024_23014fd4,expectativas_2024,near,0.946,b4fb7f15d98a3387723403c7746d3e44f174dd58035cc8be10540d3f1a788684
expectativas_1s_2024_23014fd4,expectativas_2024,near,0.982,bd1b301f07928ae4e4e25a021b8fda6382cc93074c488e3919a07dd733068488
expectativas_1s_2024_23014fd4,expectativas_2024,near,0.984,0cff1fdea9b184c83590c1135d52c3c5890edc4047db0bad8b8a99942918182d
expectativas_1s_2024_23014fd4,expectativas_2024,exact,1.000,2f097a7fa9047f66dad9e184a4fb213e7e914264ca0cd82179280f4f2e022140
expectativas_1s_2024_23014fd4,expectativas_2024,near,0.977,656cf4ab6377ae1138f6b3eadf3ba2177b46ef9b80193e9c67c98c4024a467e3
expectativas_1s_2024_23014fd4,expectativas_2024,exact,1.000,ab1e5cf3ab65f0c2d455edd8ff0f6043b6fbc76c41ff25ce2832b40f5ea7dfea
expectativas_1s_2024_23014fd4,expectativas_2024,exact,1.000,a0956fb44abadda02c2cbbd2616f2802d1301f56e357353087e6a2efef28ec09
expectativas_1s_2024_23014fd4,expectativas_2024,exact,1.000,e78eb3cffd582cdce44678821e2f511af397621645014ad248d0eb3d7cf1b452
expectativas_1s_2024_23014fd4,expectativas_2024,near,0.969,aec9f965c59479a4a6150968a4605b49249fec2ca2e1a625b99f37ed949d7a4a
expectativas_1s_2024_23014fd4,expectativas_2024,exact,1.000,23f466d703b2d117556a07a2a59f3f03f228fbc3fa92d5f6e879c7ff22c05ca3
expectativas_1s_2024_23014fd4,expectativas_2024,exact,1.000,f33338e582b525e46a114e882f87a64ccbbdb430d2dda46a09edf1a85a53305f
expectativas_1s_2024_23014fd4,expectativas_2024,exact,1.000,bf769d215ccc530c07221037eb93ec77bf1b68bc1d19498e56b194d3b85e4f31
expectativas_1s_2024_23014fd4,expectativas_2024,near,0.984,9dc76387e3657e0fd04713c3368fc4de9096419ab7425d233c7b4a7cd58dd5dd
expectativas_1s_2024_23014fd4,expectativas_2024,exact,1.000,6c8504badbfc6f6d7057bb08ee033b58bcb926417aa24efafa7290e442a0c97b
expectativas_1s_2024_23014fd4,expectativas_2024,near,0.985,1150fcdc6f03610602063ab9ed48b733dce75b12c2d8cc7c992e4c3bb49a15a6
expectativas_1s_2024_23014fd4,expectativas_2024,near,0.982,1dc9fddcf1135b5c99c5a7c772477f5cfcc38dffdfd2131e7713a6abf5784a68
expectativas_1s_2024_23014fd4,expectativas_2024,exact,1.000,c42bf1078398abc2ed04bd53dd26b2b80bca592dbd4ce9e0a569ee5eedf61843
encuesta_percepcion_impuestos_2024_20240307_20a7f5f8,boletin_economico_iieg_enero_2025_1f358f8f,near,0.952,2329b1841060aeebb33ada63c336e7b2dac68b318d3aec7528cb841d39c7234e
encuesta_percepcion_impuestos_2024_20240307_20a7f5f8,boletin_economico_iieg_enero_2025_1f358f8f,near,0.943,fce4a427ca8e2ecf78a6fcc516e348758f663d24539abf314eab5ffe18f5ac61
encuesta_percepcion_impuestos_2024_20240307_20a7f5f8,inclusion_financiera_2024,near,0.973,da2237861156397b2a7779222ca5a170fb76b9ba87288f2c245af9d5e2ab3ae9
encuesta_inclusion_financiera_2023_0cd14352,inclusion_financiera_2024,near,0.965,828bc4169290bcae7fdb4198da22ec4ff53d1fc22a5c10406f5ee5192cafbb13
encuesta_inclusion_financiera_2023_0cd14352,inclusion_financiera_2024,near,0.950,24184b953df9aee28e38c275f546d990877fbbe2e7a9f188e305ae0b8c53a5f5
encuesta_inclusion_financiera_2023_0cd14352,inclusion_financiera_2024,near,0.982,3a59170e4f0ad5821a03f144e7a94d246720edd7f0efa11b48681a8d45d17702
encuesta_inclusion_financiera_2023_0cd14352,inclusion_financiera_2024,near,0.945,cf07f0f60a5656f6b25ef2782b5899888225723ca786140a5bf62bed3a5bfcf6
encuesta_inclusion_financiera_2023_0cd14352,inclusion_financiera_2024,near,0.966,24d3819534072087c1477641ad62cc79043f08f3833944f9a18fd92b1d26b6e3
encuesta_inclusion_financiera_2023_0cd14352,inclusion_financiera_2024,near,0.986,8dcbb967ba63e863cc907f5e815e9c48c349c95c7277fe0ed966c124c7345002
encuesta_inclusion_financiera_2023_0cd14352,inclusion_financiera_2024,near,0.968,b6fa9aa611be0268b904b5ee5599e6556d8797df634ba7c8ba4c84854385cc4c
encuesta_inclusion_financiera_2023_0cd14352,inclusion_financiera_2024,near,0.995,2505bc2fc334480f99199f46058928e565f29f3267f82d8c7788d1f566c748f5
encuesta_inclusion_financiera_2023_0cd14352,sector_tic_2023,exact,1.000,2ad5789523375b4f4e34b590543ded150b29f81a2961a9ad33f60c0c11f6bf82
encuesta_inclusion_financiera_2023_0cd14352,inclusion_financiera_2024,near,0.986,7472e43ee2bbd99c4256230553a497ee52782af27943519d43cd11019312df91
encuesta_inclusion_financiera_2023_0cd14352,inclusion_financiera_2024,exact,1.000,f90afb479f0565f4dad887171acf2f958f79f332dcaef45f293085deb20ce42a
encuesta_inclusion_financiera_2023_0cd14352,inclusion_financiera_2024,near,0.967,a35ae54973abbb7d4b92abb72df259a28dc38ac2245187e77f45505c543017b3
encuesta_inclusion_financiera_2023_0cd14352,inclusion_financiera_2024,exact,1.000,0496ec39d8f8a02fdfd11f1525cab82a083a3ca1ff0f15969b881925baa766bd
encuesta_inclusion_financiera_2023_0cd14352,inclusion_financiera_2024,near,0.996,017975f29f420149518af37bc675b1ca65ea39eae28fe8ed476835d895bf2729
encuesta_inclusion_financiera_2023_0cd14352,inclusion_financiera_2024,near,0.978,57f07b1750a1e111bfa282b538871a4514e6507922d3a9a9189ee393af131252
encuesta_inclusion_financiera_2023_0cd14352,inclusion_financiera_2024,near,0.983,60d054ddb35f086a04ae3720b5370d6a85617bce1ccd2a2b8b4568cb0b618a35
encuesta_inclusion_financiera_2023_0cd14352,inclusion_financiera_2024,near,0.977,3dd0c3b66cee05df8349ee6dc122162d78d12a1f1e15d3dfb82ab9f25b24c04e
encuesta_inclusion_financiera_2023_0cd14352,inclusion_financiera_2024,near,0.984,a7c24388b0aa42c35fef9d89b8c7989b102ceaaa7d428f963a911ae2a6f22359
encuesta_inclusion_financiera_2023_0cd14352,inclusion_financiera_2024,near,0.981,34361fb5659792b554b23d98d0dabc3567f4cba93a7cccb29de037d4dca459f1
encuesta_a_empresas_de_jalisco_sobre_el_buen_fin_dfed4de8,encuesta_a_empresas_de_jalisco_sobre_el_buen_fin_6a8725af,near,0.964,ba96139904d2238d2e4bee21e1c8673b2ace6a9da97836bf27495524c5ad45d0
encuesta_a_empresas_de_jalisco_sobre_el_buen_fin_dfed4de8,encuesta_a_empresas_de_jalisco_sobre_el_buen_fin_6a8725af,near,0.972,c7c81fa949a034a362923a19aa8fcc3fb4d1747fd7fe758cb1b7bbe387cc7aec
encuesta_a_empresas_de_jalisco_sobre_el_buen_fin_dfed4de8,encuesta_a_empresas_de_jalisco_sobre_el_buen_fin_6a8725af,near,0.984,491f9701e6d03172177c4b4e2cc49cd993e163635ca255df26d54eb629d02a6b
encuesta_a_empresas_de_jalisco_sobre_el_buen_fin_dfed4de8,encuesta_a_empresas_de_jalisco_sobre_el_buen_fin_6a8725af,near,0.973,adea88c9ef34af7325048b76a31556098eb2ea85fc59106a2eead711e58fba3b
encuesta_a_empresas_de_jalisco_sobre_el_buen_fin_dfed4de8,encuesta_a_empresas_de_jalisco_sobre_el_buen_fin_6a8725af,near,0.978,41dd0a44b40bae7ae716cde219e56366c633c431118aa6430c9441d131acd102
encuesta_a_empresas_de_jalisco_sobre_el_buen_fin_dfed4de8,encuesta_a_empresas_de_jalisco_sobre_el_buen_fin_6a8725af,near,0.969,9623ab892077690e0c7bedf2ade58f75a607da0af8bfbab0473bfaf6a6fe44f3
encuesta_a_empresas_de_jalisco_sobre_el_buen_fin_dfed4de8,encuesta_a_empresas_de_jalisco_sobre_el_buen_fin_6a8725af,near,0.943,f20601b321128821a8a8ce0bc682ea57f8f9612ec460c7225e3cf337252a6406
encuesta_a_empresas_de_jalisco_sobre_el_buen_fin_dfed4de8,encuesta_a_empresas_de_jalisco_sobre_el_buen_fin_6a8725af,near,0.963,b69fc2ec924555d1da55d5e1ef43c2b932ff06f3327cdc9826d9ac1ea777e702
encuesta_a_empresas_de_jalisco_sobre_el_buen_fin_dfed4de8,encuesta_a_empresas_de_jalisco_sobre_el_buen_fin_6a8725af,near,0.980,e988efeaf5fbc2d34babdc863252c273ed52d423a0c729552c8f1b1a10c8ca24
encuesta_a_empresas_de_jalisco_sobre_el_buen_fin_dfed4de8,encuesta_a_empresas_de_jalisco_sobre_el_buen_fin_6a8725af,near,0.946,184b50bb96af7fc58b1dd5fe4d799c72f2fe3e61c88b3b6f69c698c52d2a0356
encuesta_a_empresas_de_jalisco_sobre_el_buen_fin_dfed4de8,encuesta_a_empresas_de_jalisco_sobre_el_buen_fin_6a8725af,near,0.977,323116fc527512157d4894a3ca09a4163deb52b037fc55aedeaea9d9c4b1c6ce
encuesta_a_empresas_de_jalisco_sobre_el_buen_fin_dfed4de8,encuesta_a_empresas_de_jalisco_sobre_el_buen_fin_6a8725af,near,0.945,fd090aedc34c98dd8d376df2e97e4fd2c4b458298e81e87da27fc9a7a27a5c47
encuesta_a_empresas_de_jalisco_sobre_el_buen_fin_dfed4de8,encuesta_a_empresas_de_jalisco_sobre_el_buen_fin_6a8725af,near,0.977,af71ec807f5a7b32f704fc075ad06443e17d5c3b000c64c151ff2a0367531727
encuesta_a_empresas_de_jalisco_sobre_el_buen_fin_dfed4de8,encuesta_a_empresas_de_jalisco_sobre_el_buen_fin_6a8725af,near,0.956,a5c9ee2eeb7fd669b97b206fcfdc7ce212a7bc0b6c3f74b3c0f7ec700ff271dc
encuesta_a_empresas_de_jalisco_sobre_el_buen_fin_dfed4de8,encuesta_a_empresas_de_jalisco_sobre_el_buen_fin_6a8725af,near,0.997,0c657ac07c7dfc8cbb299bace3609392c45c120e99bbbc0a0c15fca59e86cdc0
encuesta_a_empresas_de_jalisco_sobre_el_buen_fin_dfed4de8,encuesta_a_empresas_de_jalisco_sobre_el_buen_fin_6a8725af,near,0.977,9fd9516230784a55df3ba27dd914766a0eb889d3848893d7d914e3210c2952df
encuesta_a_empresas_de_jalisco_sobre_el_buen_fin_dfed4de8,encuesta_a_empresas_de_jalisco_sobre_el_buen_fin_6a8725af,near,0.993,0daa2c76a1354655ff0396e3b06302df6c1fe6c730deeae958f2e635dfd957ab
encuesta_a_empresas_de_jalisco_sobre_el_buen_fin_dfed4de8,encuesta_a_empresas_de_jalisco_sobre_el_buen_fin_6a8725af,near,0.977,f308758975090208c8b5fd6be8770375a98aa1cc561170a55192dc7570335962
encuesta_a_empresas_de_jalisco_sobre_el_buen_fin_dfed4de8,encuesta_a_empresas_de_jalisco_sobre_el_buen_fin_6a8725af,near,0.989,06473f2c8d78b005953560dbfc252fbf8789d43b9aea43cb216f73a3241d2804
encuesta_a_empresas_de_jalisco_sobre_el_buen_fin_dfed4de8,encuesta_a_empresas_de_jalisco_sobre_el_buen_fin_6a8725af,near,0.986,92bfd55fa48d1ce2277ba2e7f40d3fe11ca36322fa9baa52674cc0c1344f2f05
encuesta_a_empresas_de_jalisco_sobre_el_buen_fin_dfed4de8,encuesta_a_empresas_de_jalisco_sobre_el_buen_fin_6a8725af,near,0.956,b3816bdacece73de1ccad2207cf1d3301c08ecced7a76c057532671d30f7edd7
encuesta_a_empresas_de_jalisco_sobre_el_buen_fin_dfed4de8,encuesta_a_empresas_de_jalisco_sobre_el_buen_fin_6a8725af,near,0.996,48df4fcac6e09494bcbbf00157c9f400617a2e5bf61a532ae7d30aaa736e2b48
encuesta_a_empresas_de_jalisco_sobre_el_buen_fin_dfed4de8,encuesta_a_empresas_de_jalisco_sobre_el_buen_fin_6a8725af,near,0.982,9bf0b665f80134a6bdfad7238c612606150f5e68e79099124a24da7d5b52322d
encuesta_a_empresas_de_jalisco_sobre_el_buen_fin_dfed4de8,encuesta_a_empresas_de_jalisco_sobre_el_buen_fin_6a8725af,near,0.992,ce7e5471677360a0901eeccbb9ba8723558021f38edd1870f379528f71e0bb00
encuesta_a_empresas_de_jalisco_sobre_el_buen_fin_dfed4de8,encuesta_a_empresas_de_jalisco_sobre_el_buen_fin_6a8725af,exact,1.000,cb4e1592c4108db207c665e19d2c6567b036597948acfd809f134587376c6c74
encuesta_a_empresas_de_jalisco_sobre_el_buen_fin_dfed4de8,encuesta_a_empresas_de_jalisco_sobre_el_buen_fin_6a8725af,exact,1.000,774e131d0f15cf0e10889ccb3cf26d9b657e29ac85e25ba00ef2d477d61859d1
encuesta_a_empresas_de_jalisco_sobre_el_buen_fin_dfed4de8,encuesta_a_empresas_de_jalisco_sobre_el_buen_fin_6a8725af,near,0.967,1631ebf633f6d325080a50070b7a00b7131f0d6682f192e6b268a5a3d62922dd
encuesta_a_empresas_de_jalisco_sobre_el_buen_fin_dfed4de8,encuesta_a_empresas_de_jalisco_sobre_el_buen_fin_6a8725af,near,0.997,47973094d176aeeceb6732b311d09c43509e73e1344e37f6116f7b7b5c9ccc0b
encuesta_a_empresas_de_jalisco_sobre_el_buen_fin_dfed4de8,encuesta_a_empresas_de_jalisco_sobre_el_buen_fin_6a8725af,exact,1.000,b40dc67236d59a48c67fac6a0a17f5f0ba34ef324daa8f58c1275483d16f6a5f
encuesta_a_empresas_de_jalisco_sobre_el_buen_fin_dfed4de8,encuesta_a_empresas_de_jalisco_sobre_el_buen_fin_6a8725af,exact,1.000,24a78b61588e4b0e5005204657d81e0f9786a8dbb27c1be270e34748acaad00a
encuesta_a_empresas_de_jalisco_sobre_el_buen_fin_dfed4de8,encuesta_a_empresas_de_jalisco_sobre_el_buen_fin_6a8725af,exact,1.000,d68b6d5524e4317ae7b45e8d75a86a9fedd400239aadd62a5cc334871eeffec4
encuesta_a_empresas_de_jalisco_sobre_el_buen_fin_dfed4de8,encuesta_a_empresas_de_jalisco_sobre_el_buen_fin_6a8725af,exact,1.000,79fe13490eee7dce9de91e4e5570088ebd91bde09343b7953dc6a35a44317cfa
encuesta_a_empresas_de_jalisco_sobre_el_buen_fin_dfed4de8,encuesta_a_empresas_de_jalisco_sobre_el_buen_fin_6a8725af,near,0.991,5540f1392785abce6f4d26f6f47177ca24931f40aaa83f3f72a526050d10dd6a
encuesta_a_empresas_de_jalisco_sobre_el_buen_fin_dfed4de8,encuesta_a_empresas_de_jalisco_sobre_el_buen_fin_6a8725af,near,0.994,83c66a949748d69e1accc068f13b33fb8aad31e09b8ae7fded61e818f0f50887
encuesta_a_empresas_de_jalisco_sobre_el_buen_fin_dfed4de8,encuesta_a_empresas_de_jalisco_sobre_el_buen_fin_6a8725af,near,0.995,77c3b8321d09363ef07b2a50ebddf94d9034d4e80be90810be302f935778649e
encuesta_a_empresas_de_jalisco_sobre_el_buen_fin_dfed4de8,encuesta_a_empresas_de_jalisco_sobre_el_buen_fin_6a8725af,near,0.993,310aafb3e7b7c051324a2506e278e3badc7a35530b60b7fc5e6fb60de18f63f0
encuesta_a_empresas_de_jalisco_sobre_el_buen_fin_dfed4de8,encuesta_a_empresas_de_jalisco_sobre_el_buen_fin_6a8725af,exact,1.000,2ecdefe13001a332fb09dffe1a9059a506f021908a6ace1f6275fcfd90748a88
encuesta_a_empresas_de_jalisco_sobre_el_buen_fin_dfed4de8,encuesta_a_empresas_de_jalisco_sobre_el_buen_fin_6a8725af,exact,1.000,34660a0a5b59b0ecf9d61fa5013a425baea144193389513ea9fad68e7ec43d8c
encuesta_a_empresas_de_jalisco_sobre_el_buen_fin_dfed4de8,encuesta_a_empresas_de_jalisco_sobre_el_buen_fin_6a8725af,near,0.996,9f83f16108a32ff8d004f698afcfab13cd3462c0631a0d6545809e05014ad0e2
radiografia_estadistica_de_la_industria_de_la_ra_37773b38,radiografia_estadistica_de_la_industria_de_la_ra_15253a79,near,0.956,a7a0152ff9b453be96fb88d8a805670763548b303cb5ec27c068b3f4642b2206
radiografia_estadistica_de_la_industria_de_la_ra_37773b38,radiografia_estadistica_de_la_industria_de_la_ra_15253a79,near,0.988,b88dc70eb9fd89a84fcdd697b8ad8dbd9aef711eca718dabc581fa4fbd628027
radiografia_estadistica_de_la_industria_de_la_ra_37773b38,radiografia_estadistica_de_la_industria_de_la_ra_15253a79,near,0.969,f3be30977e0b5802f8e36a63ca35ec8073df5372c6e0e9ebad38a6cd1172c31c
radiografia_estadistica_de_la_industria_de_la_ra_37773b38,radiografia_estadistica_de_la_industria_de_la_ra_15253a79,near,0.979,346cd02b8a6690558f292360e81aa9e793c24fa16e21601303c7da25374dc714
radiografia_estadistica_de_la_industria_de_la_ra_37773b38,radiografia_estadistica_de_la_industria_de_la_ra_15253a79,near,0.972,11e77fff664f2afb2d319654c1c9cb80a49b534aac62a8600ea975c572834631
radiografia_estadistica_de_la_industria_de_la_ra_37773b38,radiografia_estadistica_de_la_industria_de_la_ra_15253a79,near,0.995,e828c5dc5ff49680213a0426f78f935816ccb76c8feec4b65bca147b72bc1ea5
radiografia_estadistica_de_la_industria_de_la_ra_37773b38,radiografia_estadistica_de_la_industria_de_la_ra_15253a79,near,0.980,3015da8642eb8698f155ae726e5e061c79f85d859d079d3e7761770e5fa3f819
radiografia_estadistica_de_la_industria_de_la_ra_37773b38,radiografia_estadistica_de_la_industria_de_la_ra_15253a79,near,0.989,7d9fda52019a7ed6a0bfd5333428e1390f41ead655857101cb7d37964b638ea6
radiografia_estadistica_de_la_industria_de_la_ra_37773b38,radiografia_estadistica_de_la_industria_de_la_ra_15253a79,near,0.984,f7af5e35db50dc3ea5b7f15f6252f2b622bf0e80bfda32a1e17d1c0fca7455c1
radiografia_estadistica_de_la_industria_de_la_ra_37773b38,radiografia_estadistica_de_la_industria_de_la_ra_15253a79,near,0.962,cccb64302ea52d73591e78cf58397556c0246d5d4189afa4fe65c548b863dd6c
radiografia_estadistica_de_la_industria_de_la_ra_37773b38,radiografia_estadistica_de_la_industria_de_la_ra_15253a79,near,0.997,efece9f51a7efb26685629c1c099af41d8d6d73cec64cd308581673a8abdae96
radiografia_estadistica_de_la_industria_de_la_ra_37773b38,radiografia_estadistica_de_la_industria_de_la_ra_15253a79,exact,1.000,1c6e34f8da397bbd903ce0f5c60cdd18a761e4f280b981073dc1f4f7d036c81f
radiografia_estadistica_de_la_industria_de_la_ra_37773b38,radiografia_estadistica_de_la_industria_de_la_ra_15253a79,near,0.958,763f72cd2df7fc6fd34a9b75f2bbdc318d3ed6546c326f7e87b27d36ea3b782f
radiografia_estadistica_de_la_industria_de_la_ra_37773b38,radiografia_estadistica_de_la_industria_de_la_ra_15253a79,near,0.946,5cf34727018497cf1ac45cb014e71c243b2f16355b1a82cf18a42a1b3743367f
radiografia_estadistica_de_la_industria_de_la_ra_37773b38,radiografia_estadistica_de_la_industria_de_la_ra_15253a79,exact,1.000,1c6e34f8da397bbd903ce0f5c60cdd18a761e4f280b981073dc1f4f7d036c81f
radiografia_estadistica_de_la_industria_de_la_ra_37773b38,radiografia_estadistica_de_la_industria_de_la_ra_37773b38,exact,1.000,7d62c778637232bf768673e27246d8e762550af15f748f125e52cf2163d66a4a
radiografia_estadistica_de_la_industria_de_la_ra_37773b38,radiografia_estadistica_de_la_industria_de_la_ra_15253a79,near,0.954,d0d2e32e8cc2a084aaeb2c4dd2ec85a1ac81ec0b8a8494d2dc94bdc9515d2459
radiografia_estadistica_de_la_industria_de_la_ra_37773b38,radiografia_estadistica_de_la_industria_de_la_ra_15253a79,near,0.996,c5f04180a36456fe2d0f30bfdccb6ac47a3521e850d428383c2f0f0403fe4705
radiografia_estadistica_de_la_industria_de_la_ra_37773b38,radiografia_estadistica_de_la_industria_de_la_ra_15253a79,near,0.993,d6f0414bd90ff9bcbf25efee4197c30a44e900402f8d99e46bf7e26af1d970d0
radiografia_estadistica_de_la_industria_de_la_ra_37773b38,radiografia_estadistica_de_la_industria_de_la_ra_15253a79,near,0.991,5c335c54f4778e451e2a4af62b5816472d13881abf4ed68413204def6d25088c
radiografia_estadistica_de_la_industria_de_la_ra_37773b38,radiografia_estadistica_de_la_industria_de_la_ra_15253a79,near,0.972,f50546cbd0b7e677d999eae083fb419ee7f21a7e5e618f82ebca63f7f47e8d07
radiografia_estadistica_de_la_industria_de_la_ra_37773b38,radiografia_estadistica_de_la_industria_de_la_ra_15253a79,near,0.972,f48153e83f87c6fa46dc779a46bcee3514d1d83b6fb36962fa7100db251e4da2
radiografia_estadistica_de_la_industria_de_la_ra_37773b38,sector_tic_2023,exact,1.000,d61cab2c07d20cb50e63f5c94a51225ac8f338c7bf7b751d6009b06eaafb348f
radiografia_estadistica_de_la_industria_de_la_ra_37773b38,sector_tic_2023,exact,1.000,2ad5789523375b4f4e34b590543ded150b29f81a2961a9ad33f60c0c11f6bf82
radiografia_estadistica_de_la_industria_de_la_ra_37773b38,radiografia_estadistica_de_la_industria_de_la_ra_15253a79,exact,1.000,9c1c138906941414326ca7944f1ec9a6822b8d33ec8be09af3d26b3c2a833b8b
radiografia_estadistica_de_la_industria_de_la_ra_37773b38,radiografia_estadistica_de_la_industria_de_la_ra_15253a79,exact,1.000,e6c68d39ec1562258cace7d7b87ea7ae7c3c7e8f3419c24a7ff471fe67ab977f
radiografia_estadistica_de_la_industria_de_la_ra_37773b38,radiografia_estadistica_de_la_industria_de_la_ra_15253a79,exact,1.000,b8233bb6fa62bb84a8657f3a19f6aee828dbbd44a7df5f3a2609372a95490cde
radiografia_estadistica_de_la_industria_de_la_ra_37773b38,radiografia_estadistica_de_la_industria_de_la_ra_15253a79,near,0.985,64dddb2a62b40ae6fdd0058e2aa64a6e89257313e4965bd34f7fb9c286349ef3
radiografia_estadistica_de_la_industria_de_la_ra_37773b38,radiografia_estadistica_de_la_industria_de_la_ra_15253a79,near,0.992,c1afcf9ed71c1996b0471988db0d753b2f56891deb034bc9d7938bf38243faa1
radiografia_estadistica_de_la_industria_de_la_ra_37773b38,radiografia_estadistica_de_la_industria_de_la_ra_15253a79,near,0.992,694345e225ff74e283c6f8a34f22f60351395c7954c543e2c5c0bebfff32dac4
expectativas_2s_2023_5cdf0f50,expectativas_2024,exact,1.000,be7ccd9cdb2195cf8ba553384a68c7489e96ad2dff984f201e7e87939a8da8b3
expectativas_2s_2023_5cdf0f50,expectativas_2024,near,0.997,786e3dea9472ffb23f606d4c4d178eb865c03f264aaccd153b03338b2f211ffa
expectativas_2s_2023_5cdf0f50,expectativas_2024,exact,1.000,4284f2c1f42ea0c48fbbf9d1c481b71ccbf4110804065d053fd496a0bf8cf689
expectativas_2s_2023_5cdf0f50,expectativas_2024,near,0.977,9ff2adb384d7ecfff2eea1e1c58718b4a13b1013cd792cbad7331fc8a6065620
expectativas_2s_2023_5cdf0f50,expectativas_2024,exact,1.000,4d9172db08eb1b8d7cb3c85ea5b5a245624ac4f69b811222ec8f1c8cb32ca49e
expectativas_2s_2023_5cdf0f50,expectativas_2024,near,0.980,678fdbb7d81fb54ea253d4bcb3ea338c0114b6c70c5e35035da496d143f045b4
expectativas_2s_2023_5cdf0f50,expectativas_2024,near,0.996,c542c6b44beb5c0752c4e2690b85f0eb4b84dbfe7de08cc9eb2a94584c807551
expectativas_2s_2023_5cdf0f50,expectativas_2024,near,0.958,f54a88094fa45be264bf22b5bd2c80658f625cdd65ec2555b822397311a6e99e
expectativas_2s_2023_5cdf0f50,expectativas_1s_2024_23014fd4,near,0.977,598fca4d5ab8d41caedd83e1d7bbf042ea4e1262d52298f39484b93ed7496afa
expectativas_2s_2023_5cdf0f50,expectativas_2024,near,0.995,a45c5d976307557350cdd327046eddf6b365ebbb6146eecabde6d0b95880af05
expectativas_2s_2023_5cdf0f50,expectativas_2024,near,0.974,20ea63338ea8550858993c8b882e7687ab823472d474a540c2cf52b840555fba
expectativas_2s_2023_5cdf0f50,expectativas_2024,near,0.997,a28611c5437124803a5afd60dbaaae27ba8f93a8a9159fd03f2704bdbefc9dcf
expectativas_2s_2023_5cdf0f50,expectativas_2024,exact,1.000,572e52fd6faaf7b577e8f128e86d068b87e7af51f6a846e07d6c082bd3a5f53c
expectativas_2s_2023_5cdf0f50,expectativas_2024,near,0.995,0ac95df1be6d3492d6572cc4a212362b80f11a883e2c6854ae969b69a435b39c
expectativas_2s_2023_5cdf0f50,expectativas_2024,near,0.956,e1af3840e2e4239b2b26c6b51e1c839f7e3b20234b24560a825e751b932291d2
expectativas_2s_2023_5cdf0f50,expectativas_2024,near,0.974,9c904fb427893e9b64597324a889cf62d5bc861d7b2a2f56ddaca2694f6f991e
expectativas_2s_2023_5cdf0f50,expectativas_2024,near,0.959,430001f63d25f4889da8c53bcc26cbbfa51af503002b5f987e68b722a027c3f0
expectativas_2s_2023_5cdf0f50,expectativas_2024,near,0.997,448e4e1d81393aca2d2fd738af9c9a2b1c8f2d5a2453fd1c510194232beb453b
expectativas_2s_2023_5cdf0f50,expectativas_2024,near,0.984,7f4268e12ce1149aff1d0de2945cf3b959060012d2498528a67b3a84536cdd0a
expectativas_2s_2023_5cdf0f50,expectativas_1s_2024_23014fd4,near,0.952,25d39807c1ab1572eb3623452e697164a94aba0686cb5ec0ff99a74c2188bc67
expectativas_2s_2023_5cdf0f50,expectativas_2024,exact,1.000,468939861608bc7773e54917a67a5439aa16d15d709a749f2befe8100c334312
expectativas_2s_2023_5cdf0f50,expectativas_2024,near,0.976,b8ed851380301294ac49d8be87bd1bd5c3428c9a0b3259ccb297e43afc85d91a
expectativas_2s_2023_5cdf0f50,expectativas_2024,near,0.973,f6e73a6e255ffea4dc87ad55e6b9791ab357f0f77e1c2d2d8488e4b130109f27
expectativas_2s_2023_5cdf0f50,expectativas_2024,near,0.962,0857abea4cda75e754c8640367f110b59d531e4694b35da0835ef2d745803993
expectativas_2s_2023_5cdf0f50,expectativas_2024,near,0.966,2d8a0205a6f4632561e007c9ac8f02e8066e2c15b76f2014bda14ffddecb7e09
expectativas_2s_2023_5cdf0f50,expectativas_2024,near,0.979,1493831e9b144137403771c019883afb13fc0c1f66cbcef64c68c58ae11c9923
expectativas_2s_2023_5cdf0f50,expectativas_2024,near,0.973,d91b4825b7658a6e8c5f40c129328f20b4643f99fffb64de141644f90883f42c
expectativas_2s_2023_5cdf0f50,expectativas_2024,near,0.978,22038c51e6e13a6276e5e850c42ac5ddb65b53c39a70fcedf9165b282e807783
expectativas_2s_2023_5cdf0f50,expectativas_2024,near,0.981,2460cdd97403c06bd34edf7a4ae3a28c1ea047183362a9a5dc9a8c745bef3d97
expectativas_2s_2023_5cdf0f50,expectativas_2024,near,0.952,95ce089a4083d46b6245b55e1a0070b3cac05b6894a57dec8d82722d514ace0a
expectativas_2s_2023_5cdf0f50,expectativas_2024,near,0.997,b915f556d8470785b795e1ddb106ea5ccfc29159367343d550d42a6be64da170
expectativas_2s_2023_5cdf0f50,expectativas_2024,near,0.950,86887bc66331e3160ebbbe82407a68ce8d5375622eb2aabf4594b53c40c1ccbb
expectativas_2s_2023_5cdf0f50,expectativas_2024,near,0.958,3db930fac940a2ea8106ea57dcf36fecc53eed6d75a77b47ae840d327ec70ca9
expectativas_2s_2023_5cdf0f50,expectativas_2024,near,0.942,2df8a39e3643141f0ea216dcea5a6e13fbbc0f98897cd15a510717f8f3b96762
expectativas_2s_2023_5cdf0f50,expectativas_2024,near,0.961,33c3be57a512ee99a958d678b5384cfd52866ed9c3f9429648913626b9458268
expectativas_2s_2023_5cdf0f50,expectativas_2024,near,0.955,cebec78fc79c891b52c0152b249630f513f0ee1d2b95e9ddef9109d1415bf911
expectativas_2s_2023_5cdf0f50,expectativas_2024,near,0.984,5b5164a635d86758fa084bdce08f0b5b8f9a7319beccd383bc54fab401bc06b0
expectativas_2s_2023_5cdf0f50,expectativas_2024,near,0.945,3b70660705aa8dddf0e98200024d9b6f2b8d835a7d6cd08c92defbe21546f288
expectativas_2s_2023_5cdf0f50,expectativas_2024,near,0.974,b3ffd898b1491c2f8607a9afbb7f281d90c1ba5da1cb98ef51f58ae235ee4db1
expectativas_2s_2023_5cdf0f50,expectativas_1s_2024_23014fd4,near,0.983,e429a1a88bc545f0dd5bab17e6b1e80c3e095150ed0f41c079d65ee4a1d367c5
expectativas_2s_2023_5cdf0f50,expectativas_2024,near,0.963,776f8fd008e00334a2dabf7044d82bc54882f72bc3f0111e9251ee97622ede61
expectativas_2s_2023_5cdf0f50,expectativas_1s_2024_23014fd4,near,0.940,c0a2ce376d17cde5b9ed3b452bd6a02d707c906ae9153746b86fa9d056e0e69d
expectativas_2s_2023_5cdf0f50,expectativas_2024,near,0.943,09c17bd3f3c5671a2aa91a5f22e5ce0dc94e64946d7e0becbc4d76cfb4be21d7
expectativas_2s_2023_5cdf0f50,expectativas_2024,near,0.969,51b51073a21ddbf50cd720be445fc2cecce3a104091a2a31abe4f295a999fb11
expectativas_2s_2023_5cdf0f50,expectativas_2024,near,0.973,59a5609f57caf55266a69e53ba0752b9743eb55f5b18d4e8f0e36bd7be4acae0
expectativas_2s_2023_5cdf0f50,expectativas_2024,near,0.967,81ac125077ab8ba96585b9ba7a96c33ebc3c446526e574c6de835d102b9451b8
expectativas_2s_2023_5cdf0f50,expectativas_2024,near,0.978,85ed9340eeb8bd7f426b20e2ca735089ca7e3fa714860a3ce0ec2f4b86a58284
expectativas_2s_2023_5cdf0f50,expectativas_2024,near,0.946,10fe9606731019a4429fd14dfaa59f5d32ef0c3a5ead6482038e99d4cd6d4070
expectativas_2s_2023_5cdf0f50,expectativas_2024,near,0.963,b2f8c43bf86193f59424b00309ff27da2a0905d2c02587db55258a9341f40f52
expectativas_2s_2023_5cdf0f50,expectativas_2024,near,0.959,8464e5f7aef859d8a1fcbdda7336f3afaf65eaa4d51843955fc5691e09f0011d
expectativas_2s_2023_5cdf0f50,expectativas_2024,near,0.965,487f6224803fdaff2ce6a95be2f5339f2e87671060e0bdaeb2f661d7364a85c5
expectativas_2s_2023_5cdf0f50,expectativas_2024,near,0.962,b025dea6da159cab3658fc7be3467fae78493ba69319ee7ba69b9f6e94e0c3ca
expectativas_2s_2023_5cdf0f50,expectativas_2024,near,0.968,af29a9a171cb02cd2779e9a43cdc682f670a499ce28f99241099a68f2c4f53b2
expectativas_2s_2023_5cdf0f50,expectativas_2024,near,0.975,7928211abdd4cf41a4e4ed86038b5aa7bc41577722a4c233617d79cf9eedec73
expectativas_2s_2023_5cdf0f50,expectativas_1s_2024_23014fd4,near,0.954,caeab1da3cecf009b49c6daece1d5d624f1e6aceae3ebadc5567050b73af0dfd
expectativas_2s_2023_5cdf0f50,expectativas_1s_2024_23014fd4,near,0.945,34da9ba0c6701d90ae720d573c5078b485602e35bcf1d9b621d2c13e417242f8
expectativas_2s_2023_5cdf0f50,expectativas_2024,near,0.975,5179d423a66e5c4fa46c33f342230a71abd60faded26461003a86cc029268e95
expectativas_2s_2023_5cdf0f50,expectativas_2024,near,0.979,f20187de94ce54509e55223ef4eb17e992f2a400ac4ea08567e1b29f1e1c00ce
expectativas_2s_2023_5cdf0f50,expectativas_2024,near,0.972,9720e555737a4fef4a39354c74049a0475038bf0fc9f1ace65e9367d9c5538bd
expectativas_2s_2023_5cdf0f50,expectativas_1s_2024_23014fd4,near,0.956,27926a53aac35c2006f59da1f8ea2fe7e287e78086c1f6d55dbe3e3c5e8f5c87
expectativas_2s_2023_5cdf0f50,expectativas_2024,near,0.954,d40e16d72a0d547bd639351c42cdfea2b00ac00c09ee1c4d90fa988f1aac4ac9
expectativas_2s_2023_5cdf0f50,expectativas_2024,near,0.954,c7855fc9784a610de31cbafb06c787a9935db9d7a7bf3d4ae7226847c1cb3c45
expectativas_2s_2023_5cdf0f50,expectativas_2024,near,0.992,fc4f10dd554423c923dc0f60a9866dca2b0e32443a4dc4c780405a03bf5a6ea8
expectativas_2s_2023_5cdf0f50,expectativas_1s_2024_23014fd4,near,0.959,f7678d41e2de9d3c92c73c05f0df51ca0f67ca78d2984ac4407bb257f3a2ee06
expectativas_2s_2023_5cdf0f50,expectativas_1s_2024_23014fd4,near,0.996,372cbcd9832718d1bcd2b17037a9fe93019b8d30a5403dfebde2962f34536bf4
expectativas_2s_2023_5cdf0f50,expectativas_2024,near,0.975,03ec3a99d367dc50f5042d2bdda02acc9fb59c4222c6a313cf5eeb32669192d5
expectativas_2s_2023_5cdf0f50,expectativas_2024,near,0.984,b7ec0d378bd9f8354951a0fe32ca07a56ce4b4d01fc53f2c576ad07976ac69e9
expectativas_2s_2023_5cdf0f50,expectativas_2024,near,0.971,c7c0ed8fb6afa2e72cf3b9ec4a4ef971ab235733015f59e27c572375990761eb
expectativas_2s_2023_5cdf0f50,expectativas_2024,near,0.963,e5e9df8b60993df5703c2c1e8a678d6b6074745d97515eaddb60e9fa46698483
expectativas_2s_2023_5cdf0f50,expectativas_2024,near,0.991,ddad5b846474278f350208cb9fbc81a25c2f0d438291e03180fb6f3838eedff0
expectativas_2s_2023_5cdf0f50,expectativas_1s_2024_23014fd4,near,0.957,584efe23530e4eca12d1cc83e14f16f1d4343308a1372e8bf53838e3e2b55778
expectativas_2s_2023_5cdf0f50,expectativas_2024,near,0.971,5aba53e517dd69bb21444c13bc40be1e76e28dca3d77fd6a0aaa08d6671193d5
expectativas_2s_2023_5cdf0f50,expectativas_2024,near,0.956,9d5dda3be78c272bfce9ff06ef3190c9146234622cb1d553f9a58d5369ba8468
expectativas_2s_2023_5cdf0f50,expectativas_2024,near,0.979,8a52a4516fdd2a3ca07fce34c7c2f3d700c3a695d7aef10933a2b7da7f369e2d
expectativas_2s_2023_5cdf0f50,expectativas_2024,near,0.984,0cff1fdea9b184c83590c1135d52c3c5890edc4047db0bad8b8a99942918182d
expectativas_2s_2023_5cdf0f50,expectativas_2024,exact,1.000,2f097a7fa9047f66dad9e184a4fb213e7e914264ca0cd82179280f4f2e022140
expectativas_2s_2023_5cdf0f50,expectativas_2024,near,0.991,28cbe7f986f47cca3f20e570b1bae28564159eb03ef5d77eec923298426d7832
expectativas_2s_2023_5cdf0f50,expectativas_2024,exact,1.000,ab1e5cf3ab65f0c2d455edd8ff0f6043b6fbc76c41ff25ce2832b40f5ea7dfea
expectativas_2s_2023_5cdf0f50,expectativas_2024,near,0.987,886e465b82e7af78f9f414be3b65e780742c856345c1e0dae1de42d3898e487e
expectativas_2s_2023_5cdf0f50,expectativas_2024,near,0.986,92972cd07372bad1a95ea2f5f535230e6803661d21d058d960dcc41c186a29f6
expectativas_2s_2023_5cdf0f50,expectativas_1s_2024_23014fd4,near,0.986,4a15915238b488da216edb469bceacb8d2e95281b80ac6dc2838dd36de98337d
expectativas_2s_2023_5cdf0f50,expectativas_2024,near,0.997,2f3a7c3d102a5161377a3f6ea4652f9a5dc13b0c327a1ae60375045185bb83fb
expectativas_2s_2023_5cdf0f50,expectativas_2024,near,0.991,f7893eb371ff7b55da374d614c4eab417a3971e3da69e5ecb4c247d78d0dcbb2
expectativas_2s_2023_5cdf0f50,expectativas_2024,exact,1.000,f33338e582b525e46a114e882f87a64ccbbdb430d2dda46a09edf1a85a53305f
expectativas_2s_2023_5cdf0f50,expectativas_2024,exact,1.000,bf769d215ccc530c07221037eb93ec77bf1b68bc1d19498e56b194d3b85e4f31
expectativas_2s_2023_5cdf0f50,expectativas_2024,near,0.984,9dc76387e3657e0fd04713c3368fc4de9096419ab7425d233c7b4a7cd58dd5dd
expectativas_2s_2023_5cdf0f50,expectativas_2024,near,0.996,e4bb9a9f059e5522c8d33b7752f682cf0a9af76729fa8b19fd072e3d31546a52
expectativas_2s_2023_5cdf0f50,expectativas_2024,exact,1.000,6c8504badbfc6f6d7057bb08ee033b58bcb926417aa24efafa7290e442a0c97b
expectativas_2s_2023_5cdf0f50,expectativas_2024,near,0.985,1150fcdc6f03610602063ab9ed48b733dce75b12c2d8cc7c992e4c3bb49a15a6
expectativas_2s_2023_5cdf0f50,expectativas_2024,near,0.978,412589ebc960d4b21f171031518ad7cacc10df8805719acdbb1c38e252cc80ac
expectativas_2s_2023_5cdf0f50,expectativas_2024,near,0.998,f454aa6047a145d42403ceceb862fc368f8f398bb378e95199b97b3c1ad9bd9d
expectativas_2s_2023_5cdf0f50,expectativas_2024,exact,1.000,c42bf1078398abc2ed04bd53dd26b2b80bca592dbd4ce9e0a569ee5eedf61843
encuesta_percepcion_de_la_ola_de_calor_20230727_7eb8f135,encuesta_de_percepcion_de_la_ola_de_calor_2024_2_db998938,near,0.987,e69a46a2b8a69aa1a0037ee4fee19db29e8f551a6a56dff30e31fe14c9f8b66c
encuesta_percepcion_de_la_ola_de_calor_20230727_7eb8f135,encuesta_de_percepcion_de_la_ola_de_calor_2024_2_db998938,near,0.953,49276c93ababe3abf87547cce144d278aa5f94518f84213e2b81e11a9896b3aa
encuesta_percepcion_de_la_ola_de_calor_20230727_7eb8f135,encuesta_de_percepcion_de_la_ola_de_calor_2024_2_db998938,near,0.996,e2848b217cbc56fe52e19ff70bbf545fdc678390b5fec723734e01e21dbcfc95
encuesta_percepcion_de_la_ola_de_calor_20230727_7eb8f135,encuesta_de_percepcion_de_la_ola_de_calor_2024_2_db998938,near,0.988,31d55c6b23f87a0a0bc5b8a539bcb8511e82929e9ed6842ca6ca6f25974abf51
encuesta_percepcion_de_la_ola_de_calor_20230727_7eb8f135,encuesta_de_percepcion_de_la_ola_de_calor_2024_2_db998938,near,0.942,7d3f2e61308aa1334ff61b43e1d2201f340e93cb42d74c2f2999ae718b0364c6
encuesta_percepcion_de_la_ola_de_calor_20230727_7eb8f135,encuesta_de_percepcion_de_la_ola_de_calor_2024_2_db998938,near,0.944,baf8591404fb0e8fa862563daf5b4953e51bd16b77607509398b6f3749b9f048
encuesta_percepcion_de_la_ola_de_calor_20230727_7eb8f135,encuesta_de_percepcion_de_la_ola_de_calor_2024_2_db998938,near,0.987,1bf46a874ec08c5149bd078eee69df353b5bccfd1478dfdb33b1f0bf4692c0ea
encuesta_percepcion_de_la_ola_de_calor_20230727_7eb8f135,encuesta_de_percepcion_de_la_ola_de_calor_2024_2_db998938,near,0.987,41e7f58a85eb51d3826f116cac1611866f7dcd0bc59265882928055795524bde
encuesta_percepcion_de_la_ola_de_calor_20230727_7eb8f135,encuesta_de_percepcion_de_la_ola_de_calor_2024_2_db998938,exact,1.000,f9cd4806c5713e97074e606c9ed1b97b47f68d02a8cfd9733a11565f7e91ff0e
encuesta_percepcion_de_la_ola_de_calor_20230727_7eb8f135,encuesta_de_percepcion_de_la_ola_de_calor_2024_2_db998938,near,0.978,e6c9e4082cc106566beb35bff06e261659b91d9a02ba0218336dfb9bfa7e30de
encuesta_percepcion_de_la_ola_de_calor_20230727_7eb8f135,sector_tic_2023,exact,1.000,d61cab2c07d20cb50e63f5c94a51225ac8f338c7bf7b751d6009b06eaafb348f
encuesta_percepcion_de_la_ola_de_calor_20230727_7eb8f135,sector_tic_2023,exact,1.000,2ad5789523375b4f4e34b590543ded150b29f81a2961a9ad33f60c0c11f6bf82
encuesta_percepcion_de_la_ola_de_calor_20230727_7eb8f135,encuesta_de_percepcion_de_la_ola_de_calor_2024_2_db998938,near,0.981,a5912cc86436563945378f0fec7d39f82927053cb1f772555f5889ce77f527ad
sondeo_embotelladoras_de_agua_2023_20230629_c7159539,sondeo_embotelladoras_de_agua_2023_20230629_c7159539,exact,1.000,3dcab5a432b54782c3ee38839669aaff79465af2f5001fcf12fb6862e6422d1f
sondeo_embotelladoras_de_agua_2023_20230629_c7159539,sector_tic_2023,exact,1.000,d61cab2c07d20cb50e63f5c94a51225ac8f338c7bf7b751d6009b06eaafb348f
sondeo_embotelladoras_de_agua_2023_20230629_c7159539,sector_tic_2023,exact,1.000,2ad5789523375b4f4e34b590543ded150b29f81a2961a9ad33f60c0c11f6bf82
estudio_de_la_derrama_economica_de_tepabril_2023_b861e2f5,sector_tic_2023,exact,1.000,d61cab2c07d20cb50e63f5c94a51225ac8f338c7bf7b751d6009b06eaafb348f
estudio_de_la_derrama_economica_de_tepabril_2023_b861e2f5,sector_tic_2023,exact,1.000,2ad5789523375b4f4e34b590543ded150b29f81a2961a9ad33f60c0c11f6bf82
estudio_de_la_derrama_economica_de_tepabril_2023_b861e2f5,sector_tic_2023,exact,1.000,d61cab2c07d20cb50e63f5c94a51225ac8f338c7bf7b751d6009b06eaafb348f
estudio_de_la_derrama_economica_de_tepabril_2023_b861e2f5,sector_tic_2023,exact,1.000,2ad5789523375b4f4e34b590543ded150b29f81a2961a9ad33f60c0c11f6bf82
encuesta_a_restaurantes_2023_85edd2d7,encuesta_a_restaurantes_2024_20240627_276d7b11,near,0.975,9b124a2617584b0f58643936ac5984a9e384c5425b2f77dbb6f2c8bd145bb2eb
encuesta_a_restaurantes_2023_85edd2d7,encuesta_a_restaurantes_2024_20240627_276d7b11,near,0.976,25ad129e1da08f7b2533d87b17875f284f11d0f24e0392d20314df36e12ceaa9
encuesta_a_restaurantes_2023_85edd2d7,encuesta_a_restaurantes_2024_20240627_276d7b11,near,0.962,a547121a7b726da49883dd98415c1268f4c8f2a65b4f11f510388857263a3d24
encuesta_a_restaurantes_2023_85edd2d7,encuesta_a_restaurantes_2024_20240627_276d7b11,near,0.941,e9f88b70a2d861ecdb21714003b976cc3fb6d7ab42cdeacb6e5be3879e5b2201
encuesta_a_restaurantes_2023_85edd2d7,encuesta_a_restaurantes_2024_20240627_276d7b11,near,0.962,07e4c706ce1c9ba1a89ef2b8adfcb4811331a38cd6c578cec0c49c34afbf978b
encuesta_a_restaurantes_2023_85edd2d7,encuesta_a_restaurantes_2024_20240627_276d7b11,near,0.998,1e25206d2493f542cbef13e42c54b1ab31ded466fa2e2a7d53ae81094ee6dc68
encuesta_a_restaurantes_2023_85edd2d7,encuesta_a_restaurantes_2024_20240627_276d7b11,near,0.951,bff2bbd7daa010a90fa53998701f3c1798a8153716fd5b4021ef9cb11d121a6e
encuesta_a_restaurantes_2023_85edd2d7,encuesta_a_restaurantes_2024_20240627_276d7b11,near,0.971,44710528024565a350b1566c2b269e30d64b06945aa54806486ab5160133aef8
encuesta_a_restaurantes_2023_85edd2d7,encuesta_a_restaurantes_2024_20240627_276d7b11,near,0.988,aeb7bca1d05abbc730c174cc7621a01d3d2aa2a9f55878681aea695cd683110c
encuesta_a_restaurantes_2023_85edd2d7,encuesta_a_restaurantes_2024_20240627_276d7b11,near,0.972,57931d9bf71887663b343613bfbaffb4eaa92e99cb4eef672c4f3f5e7edfc531
encuesta_a_restaurantes_2023_85edd2d7,encuesta_a_restaurantes_2024_20240627_276d7b11,near,0.951,9b7fc0e4f3d47f169b444327331ff0024d63e3c3b58363f23b06bfd8c91c6de1
encuesta_a_restaurantes_2023_85edd2d7,encuesta_a_restaurantes_2024_20240627_276d7b11,near,0.950,75b174ad385f0b3b619924bdf496367e5c882e4dbcc08f5b17ce07ffab152ef3
encuesta_a_restaurantes_2023_85edd2d7,encuesta_a_restaurantes_2024_20240627_276d7b11,near,0.950,e74bc9b3e2b3d657ee9ad3c3abdd525833a192047dd67ae2bb9afabdb98184ac
encuesta_a_restaurantes_2023_85edd2d7,encuesta_a_restaurantes_2024_20240627_276d7b11,near,0.987,9dfbc9560bf6abed2671d4989c90558ce5f21e468f420ae94630ed7013b7121a
encuesta_a_restaurantes_2023_85edd2d7,encuesta_a_restaurantes_2024_20240627_276d7b11,near,0.941,e9f88b70a2d861ecdb21714003b976cc3fb6d7ab42cdeacb6e5be3879e5b2201
encuesta_a_restaurantes_2023_85edd2d7,encuesta_a_restaurantes_2024_20240627_276d7b11,near,0.973,f03eef835b7769d39e995a99ab31b976c4c71fdafdeef465ccbe83c672d3ada5
encuesta_a_restaurantes_2023_85edd2d7,encuesta_a_restaurantes_2024_20240627_276d7b11,near,0.956,15c189a8d2eaa62fc242b1f2dc9d7da73045664c403c468df447a29a73672675
encuesta_a_restaurantes_2023_85edd2d7,encuesta_a_restaurantes_2024_20240627_276d7b11,near,0.979,416071d0afe30b176fd2f5bd1fcae7c5ce2feab0703157032613624e19877610
encuesta_a_restaurantes_2023_85edd2d7,encuesta_a_restaurantes_2024_20240627_276d7b11,exact,1.000,867d467809e74eeecfffa455414dd3b16729063aa1b2c05e98cc9f58c0bb8f61
encuesta_a_restaurantes_2023_85edd2d7,encuesta_a_restaurantes_2024_20240627_276d7b11,near,0.979,d02a018c2d0d793da90ef355d865b7158615d9ee2866c925865de52f6bdc6f24
encuesta_a_restaurantes_2023_85edd2d7,encuesta_a_restaurantes_2024_20240627_276d7b11,near,0.960,b39379bc2dd7a8dc9f5b7794a61ac62147b122659ad1115c5ab2470cba53cffd
encuesta_a_restaurantes_2023_85edd2d7,encuesta_a_restaurantes_2024_20240627_276d7b11,near,0.963,490c67480020f652438577722db4823ad544df22644bccc998b3adf69cd5a43d
encuesta_a_restaurantes_2023_85edd2d7,encuesta_a_restaurantes_2024_20240627_276d7b11,near,0.993,c0f841727083b0ed464daa19896ae9eefbfa85db0c4d470662e741e050c6c04b
encuesta_a_restaurantes_2023_85edd2d7,encuesta_a_restaurantes_2024_20240627_276d7b11,exact,1.000,6096b816043abad8bb56a0dd1dc78c09a90f60a8ac4edf3f50c580ba0bf511d8
encuesta_a_restaurantes_2023_85edd2d7,encuesta_a_restaurantes_2024_20240627_276d7b11,near,0.986,b34da54cb9660b457cc6a1adf55401e669622561bc1eb124fe528df133666c05
encuesta_a_restaurantes_2023_85edd2d7,encuesta_a_restaurantes_2024_20240627_276d7b11,near,0.981,7e914ef0bbdddee0b613949610ed1e68522673c14339818b90b40552b755c0fa
encuesta_a_restaurantes_2023_85edd2d7,encuesta_a_restaurantes_2024_20240627_276d7b11,near,0.994,1b8218536cb1c6df4d2f2d1f006ade979997d88605b41eb148013341583934f1
encuesta_a_restaurantes_2023_85edd2d7,encuesta_a_restaurantes_2024_20240627_276d7b11,near,1.000,5a3404c360b577a8ea42467328f8599c2e115d932127862a169dfd8212cdee7a
encuesta_a_restaurantes_2023_85edd2d7,encuesta_a_restaurantes_2024_20240627_276d7b11,exact,1.000,e16673bd5d715aac1eb0b467f32d3e20ce31393f6957eda65b9d7ee8e4d4df8d
encuesta_a_restaurantes_2023_85edd2d7,encuesta_a_restaurantes_2024_20240627_276d7b11,exact,1.000,bd17969954433ad23a895051f6eb410bbd489e295480aa2ce379064e1c581a71
encuesta_a_restaurantes_2023_85edd2d7,encuesta_a_restaurantes_2024_20240627_276d7b11,near,0.996,6720ed324840303a3f12ce925388a25e729cad1e2140082659480a85100110e3
encuesta_a_restaurantes_2023_85edd2d7,encuesta_a_restaurantes_2024_20240627_276d7b11,near,0.993,eee15400760ea83a7d68bec65e4cf01cc253cb79dfc7143bbe1de45ad5727be9
encuesta_a_restaurantes_2023_85edd2d7,encuesta_a_restaurantes_2024_20240627_276d7b11,near,0.992,37150d72e286f337a71d24cdaaadb40e18fa9ba5e2188401cdea6ae8bc8d5d74
encuesta_a_restaurantes_2023_85edd2d7,encuesta_a_restaurantes_2024_20240627_276d7b11,near,0.990,3bdc0fd9b4cb9da7dcbb69aeab65c97dfbf336739ca8fead781907310c6d949e
encuesta_a_restaurantes_2023_85edd2d7,encuesta_a_restaurantes_2024_20240627_276d7b11,near,0.978,ed2e2130973823e8b22cfa451e703c84dbf76e4d6cf8dff3bb76d0c813eb47eb
expectativas_1s_2023_43f3921a,expectativas_2024,exact,1.000,be7ccd9cdb2195cf8ba553384a68c7489e96ad2dff984f201e7e87939a8da8b3
expectativas_1s_2023_43f3921a,expectativas_2024,near,0.989,6668f71ab1a4d2345efc9ec2419bea6ced96ce87b6027e9332e5006077591c23
expectativas_1s_2023_43f3921a,expectativas_2024,near,0.961,56c68a24c3d37921f53b78a6117d8c7bd14b9fd9f1065c8391fbae919db21348
expectativas_1s_2023_43f3921a,expectativas_2024,exact,1.000,4d9172db08eb1b8d7cb3c85ea5b5a245624ac4f69b811222ec8f1c8cb32ca49e
expectativas_1s_2023_43f3921a,expectativas_2024,near,0.968,9b3f2cc51d11850028e94e19d417a2c5e93e42814f79b60e431313aa785a695c
expectativas_1s_2023_43f3921a,expectativas_2s_2023_5cdf0f50,near,0.954,1d3298b22f2a74a4ba26a1e9410728efc17f6837ad2449071e19d329af7ce79b
expectativas_1s_2023_43f3921a,expectativas_1s_2024_23014fd4,near,0.977,f4c2ea2d4784a39abdee323568a98f6e1273fccdc88a7ed12db7f3c92839e156
expectativas_1s_2023_43f3921a,expectativas_2024,near,0.982,30efda2e743b223ac5843656a3b9e57a8bd737d7f81e71954fb0746ed77826ae
expectativas_1s_2023_43f3921a,expectativas_2024,near,0.946,a5dde1ab62efc223eff273bb1d2a4031765ff6d68861d3e6b9cb297f855cfccb
expectativas_1s_2023_43f3921a,expectativas_2024,exact,1.000,572e52fd6faaf7b577e8f128e86d068b87e7af51f6a846e07d6c082bd3a5f53c
expectativas_1s_2023_43f3921a,expectativas_2024,near,0.975,8c08c0fda3df99f88fb85f8e0bac400dfe680cd7b10eeb15c7149d453d575937
expectativas_1s_2023_43f3921a,expectativas_1s_2024_23014fd4,near,0.970,4f52d52a0da95be56892483dee0a293e0825b154f101c681d8d9b8247a57df36
expectativas_1s_2023_43f3921a,expectativas_2024,near,0.948,661d933500ca787ad0ef32f675bf1202982cd17fb07efc1aac8a9f9ee0678ff0
expectativas_1s_2023_43f3921a,expectativas_2024,near,0.997,448e4e1d81393aca2d2fd738af9c9a2b1c8f2d5a2453fd1c510194232beb453b
expectativas_1s_2023_43f3921a,expectativas_2024,near,0.974,cedc93137de04de21f7242c723df578dc6fa16b5cdfa0a1b3a30473a900e7acf
expectativas_1s_2023_43f3921a,expectativas_2024,exact,1.000,468939861608bc7773e54917a67a5439aa16d15d709a749f2befe8100c334312
expectativas_1s_2023_43f3921a,expectativas_2024,near,0.967,892cefd6e5dab2fa6fdb006c924af14fee2296a1f74cf3fa88ae8896832f965b
expectativas_1s_2023_43f3921a,expectativas_2024,near,0.955,6bafa5a23c685212a51c9dbcc59a3a35e217aec5944933e171a45bc4de28b384
expectativas_1s_2023_43f3921a,expectativas_2024,near,0.977,ada704140ec6cfec261fd424f2802d52bcb4831ef607151a9914f5f6e5cb6a60
expectativas_1s_2023_43f3921a,expectativas_2024,near,0.966,3e6a5714ab696a452e9968b0ee969738db8cbf78e7902ea50d6bd20948296d30
expectativas_1s_2023_43f3921a,expectativas_2024,near,0.997,b915f556d8470785b795e1ddb106ea5ccfc29159367343d550d42a6be64da170
expectativas_1s_2023_43f3921a,expectativas_2024,near,0.948,2013492517527660c8b1fe831dc84593c1e03bc06283e3742efd249ecebd66d5
expectativas_1s_2023_43f3921a,expectativas_2024,near,0.980,682b74ed750a8be52931bca656147870c3ffe99cfbb5ba76b98ed71c345e3bdc
expectativas_1s_2023_43f3921a,expectativas_2024,near,0.943,9c1534f377ab52570d1d64f8bd8bdc1c95a390d929b8cb5a045ef2cce97a4561
expectativas_1s_2023_43f3921a,expectativas_2024,near,0.955,8fef77265b292a36d9dafa74df13386cc9a716e487daf09204bf7e1558bcb111
expectativas_1s_2023_43f3921a,expectativas_1s_2024_23014fd4,near,0.979,ba8098eb466753dec3b0ea32a9d99a1c387c12a210cfe1d0a0b81bb4265ab5b0
expectativas_1s_2023_43f3921a,expectativas_2024,near,0.947,3415f1a3443d560c829d1125f552d4cea3e385357f51760d5d0a84ef3d3eb41f
expectativas_1s_2023_43f3921a,expectativas_2024,near,0.948,275686bf9de6df75130a62a2d2dacca41f8a2c339dd192d215c4d67c15d33e79
expectativas_1s_2023_43f3921a,expectativas_2024,near,0.949,eee07f9a5f2baf45bcbce5904cb3529d3a8dde54791ea1f0d2a377cf8dac5003
expectativas_1s_2023_43f3921a,expectativas_2024,near,0.945,174dc23d6fad5edbfe9709c1afd5c93e9087ea073e48fbca444dfd1071704c61
expectativas_1s_2023_43f3921a,expectativas_2024,near,0.947,ed858605e7174c1ea71ab1e78864973dcee2539cdc06d12183b7822d33017ded
expectativas_1s_2023_43f3921a,expectativas_2024,near,0.969,435cb7219efac171106948b763353945b9a23a60db5934b5a1a7dae3b01ac143
expectativas_1s_2023_43f3921a,expectativas_2024,near,0.965,13fa3e139970711b9b28cca8c5c2619e09efc430dac676a366089bb641c6853b
expectativas_1s_2023_43f3921a,expectativas_2s_2023_5cdf0f50,near,0.960,29efe40e6cfd922ef0fddabd277ce4b866f02f3a6931740c5582eb72164663cc
expectativas_1s_2023_43f3921a,expectativas_2024,near,0.968,60335c0f67060018e0ae1f111156a8bc67642d50b75b99bd80da12ebf3921053
expectativas_1s_2023_43f3921a,expectativas_2024,near,0.964,c994b8b0999b8e8c266706b13fb726a26ef189d941cda028624e889c5bc4bbc9
expectativas_1s_2023_43f3921a,expectativas_2024,near,0.962,071817bc262f2a1abf222b44a411c34a90f660847b5c29f347877f4ecd45379a
expectativas_1s_2023_43f3921a,expectativas_1s_2024_23014fd4,near,0.964,d63c2d81cd94076486129d73fda932e4e0c7ed8756fc0998956f47d39b0aceb1
expectativas_1s_2023_43f3921a,expectativas_1s_2024_23014fd4,near,0.963,f620a36ad329655ebaaab27ce209efb0cf5ec82c14503137ba9cc73e20a0ebcc
expectativas_1s_2023_43f3921a,expectativas_1s_2024_23014fd4,near,0.965,73d5cc03d06a99cfd58a9f8a59ee1245b46bf51fb601299fcfda3cf66da1f092
expectativas_1s_2023_43f3921a,expectativas_1s_2024_23014fd4,near,0.975,526419a1be4c0394a1bc22cf112da0d6691efbb6d273e9ab9284219de8e63163
expectativas_1s_2023_43f3921a,expectativas_2024,near,0.953,c7a536fc04f80e1c9d5e4504e2b6e9d4dae6112a76f5df03d7f57a170391bd82
expectativas_1s_2023_43f3921a,expectativas_2024,near,0.971,7eb7fe44b98b15b5dcff089acc206464355ab39b96649893ad4c6ea080a0a45e
expectativas_1s_2023_43f3921a,expectativas_1s_2024_23014fd4,near,0.959,f2ab905ac22f7cde7dbf6ef457ada97fd42d7b48b38114857882622a54e7bd26
expectativas_1s_2023_43f3921a,expectativas_1s_2024_23014fd4,near,0.992,d52daa4ee56ec8e13e5b3426270d4b36a7a9892daf2e12b891b67855aa90b710
expectativas_1s_2023_43f3921a,expectativas_2024,near,0.965,ae582ccb0b75b5a4cb9d1abdfc00a3f8567937b2e9961dd18fbc01239fbe124c
expectativas_1s_2023_43f3921a,expectativas_2024,near,0.981,ac5dee8d100bfc136b8271a507ad737ff6e3ce1bee015c7feff877ac929f9cc0
expectativas_1s_2023_43f3921a,expectativas_2024,near,0.974,3519a4c8f1b4fb92f1fa526e198cf0b69fb2df1351ae31492a1728e862ca9da8
expectativas_1s_2023_43f3921a,expectativas_1s_2024_23014fd4,near,0.993,4292efb0d120ae95ed18777c5cbe1404bc7343372e4b2de50a6d5d277be62440
expectativas_1s_2023_43f3921a,expectativas_2024,near,0.976,4c65c8d740f49289d2179c25e26265fd20b6c3cdfd79744b6d9bcdee15c2bbc0
expectativas_1s_2023_43f3921a,expectativas_2s_2023_5cdf0f50,near,0.964,6327bae1948486e0b46b8c0842d760b51bd0a93b42d9c72aa4dc5639cd27ef8f
expectativas_1s_2023_43f3921a,expectativas_2024,exact,1.000,2f097a7fa9047f66dad9e184a4fb213e7e914264ca0cd82179280f4f2e022140
expectativas_1s_2023_43f3921a,expectativas_2024,near,0.968,ecaa29f6379c62d6b60e4a8c43913d668ede5df2d9f13ce67af4db35f2fed38b
expectativas_1s_2023_43f3921a,expectativas_2024,exact,1.000,a0956fb44abadda02c2cbbd2616f2802d1301f56e357353087e6a2efef28ec09
expectativas_1s_2023_43f3921a,expectativas_2024,exact,1.000,e78eb3cffd582cdce44678821e2f511af397621645014ad248d0eb3d7cf1b452
expectativas_1s_2023_43f3921a,expectativas_1s_2024_23014fd4,near,0.962,418886148bf7c95a19598f4e7c76ec3ccdf75d9a69031e27620bb61c7b211c93
expectativas_1s_2023_43f3921a,expectativas_2024,near,0.979,e9dfce8ff0b589854a1d6a6987e31c6c57807376ec92843cd8aa9fc9c32e1f1f
expectativas_1s_2023_43f3921a,expectativas_2024,near,0.994,0b4b9e851bf0583480d17b3a687794b3229a586316e8c10fed00e775be0fe582
expectativas_1s_2023_43f3921a,expectativas_2024,exact,1.000,f33338e582b525e46a114e882f87a64ccbbdb430d2dda46a09edf1a85a53305f
expectativas_1s_2023_43f3921a,expectativas_2024,near,0.993,1349811b4863165d67063d8bdab1f1ade991432008bbf051922c6f5bb995c18f
expectativas_1s_2023_43f3921a,expectativas_2024,near,0.984,9dc76387e3657e0fd04713c3368fc4de9096419ab7425d233c7b4a7cd58dd5dd
expectativas_1s_2023_43f3921a,expectativas_2024,near,0.994,a079fec8f7c29a07367d8acbdf15f5d718a407e705ea1f371e2e07b637aed02a
expectativas_1s_2023_43f3921a,expectativas_2024,exact,1.000,6c8504badbfc6f6d7057bb08ee033b58bcb926417aa24efafa7290e442a0c97b
expectativas_1s_2023_43f3921a,expectativas_2024,near,0.985,1150fcdc6f03610602063ab9ed48b733dce75b12c2d8cc7c992e4c3bb49a15a6
expectativas_1s_2023_43f3921a,expectativas_2024,near,0.980,c33f79a86e2a3972867d860f42695a87751aa9a0a9b5dd88e7cc2fa98576c4a7
expectativas_1s_2023_43f3921a,expectativas_2024,exact,1.000,c42bf1078398abc2ed04bd53dd26b2b80bca592dbd4ce9e0a569ee5eedf61843
encuesta_percepcion_impuestos_2023_20230323_68ca4a2a,encuesta_percepcion_impuestos_2024_20240307_20a7f5f8,near,0.964,06d8d03d543d6da39ae709d899874534e11c09e0098250b94c925b9301f5eb92
encuesta_percepcion_impuestos_2023_20230323_68ca4a2a,encuesta_percepcion_impuestos_2024_20240307_20a7f5f8,near,0.952,3916428c123812328c780f00451506be0e70598afe95fb99951f619d2a8eda33
encuesta_percepcion_impuestos_2023_20230323_68ca4a2a,encuesta_percepcion_impuestos_2024_20240307_20a7f5f8,near,0.978,2be51db62989fa7e645a4b9a1a684cdd5127d6b576acc746ec7ecd60ff84d7e6
encuesta_percepcion_impuestos_2023_20230323_68ca4a2a,encuesta_percepcion_impuestos_2024_20240307_20a7f5f8,near,0.972,8d12f43ce9253a02dd1c5cc807b2e282dc362c08cdad36e05b4bd22500c43311
encuesta_percepcion_impuestos_2023_20230323_68ca4a2a,inclusion_financiera_2024,near,0.973,da2237861156397b2a7779222ca5a170fb76b9ba87288f2c245af9d5e2ab3ae9
encuesta_percepcion_impuestos_2023_20230323_68ca4a2a,encuesta_percepcion_impuestos_2024_20240307_20a7f5f8,exact,1.000,8494e9f0711263f28235a67cfbd87a5b13802811fff0842d8050dc9a9fc83155
denominacion_raicilla_46ab075c,guadalajara_2025,near,0.963,b1e7b71157d50d21f928d961f7a911aa9175e055dcef727eaca31fd9762e7b83
denominacion_raicilla_46ab075c,puerto_vallarta_2025,near,0.957,1d5a7d7b35285f78fc1a2835a3433c1f01bdd9e4b446bc7a36c283cc424ccb6b
ficha_informativa_2022_acuiferos_bfc9dad7,ficha_mar24_acuiferos_8089fbba,near,0.960,bdc3593ff83d82fd5701abf0c037f90472abb28f3138a2443a3b89f69ee4577a
ficha_informativa_2022_acuiferos_bfc9dad7,ficha_mar24_acuiferos_8089fbba,near,0.994,a908660d8adecb6bfc8aa0be75e3b8c9dbefabaf22d3742e0f35fd844681cbb2
ficha_informativa_2022_acuiferos_bfc9dad7,ficha_mar24_acuiferos_8089fbba,exact,1.000,146350fa8f04c6f1ab8f0b575a920846b391c4e99d14164889aac064805dfdda
ficha_informativa_2022_acuiferos_bfc9dad7,ficha_mar24_acuiferos_8089fbba,exact,1.000,2beb5eb961aed810ad6c9b642305f24cd03e93a45b051fa41f6c254195a75672
ficha_informativa_2022_acuiferos_bfc9dad7,ficha_mar24_acuiferos_8089fbba,near,0.974,dd447bdad4e9b58f9ff3e226cbb10e1c544ddf56f778c0aeb22bb5c86567466b
ficha_informativa_2022_acuiferos_bfc9dad7,ficha_mar24_acuiferos_8089fbba,near,0.970,4c69e49a998d833409e4f91bef8279ad8bc67ebd0583408370c3f4449d77a301
ficha_informativa_2022_acuiferos_bfc9dad7,ficha_mar24_acuiferos_8089fbba,near,0.969,3960dd9a8442c3be5ebcd4c55892883594aefb8158da3e440e589aa3315d42cc
ficha_informativa_2022_acuiferos_bfc9dad7,ficha_mar24_acuiferos_8089fbba,near,0.959,7a8bdb81043594753176d5448b49377f03c4876424716c06ec8b67b2a9a9324c
ficha_informativa_2022_acuiferos_bfc9dad7,ficha_mar24_acuiferos_8089fbba,near,0.981,f34e49715314f130f31ba63232fd659ba7236ef4368fa5fe15218beff0eadba8
ficha_informativa_2022_acuiferos_bfc9dad7,ficha_mar24_acuiferos_8089fbba,near,0.977,12398f5c64877d37f88361e9ba422ca195f541c06b3299cda7be4f9eca57f436
ficha_informativa_2022_acuiferos_bfc9dad7,ficha_mar24_acuiferos_8089fbba,near,0.962,d12d578492d440b41f8226cc60f9df8abb46b627f1f08c764cedb1e02709cb50
ficha_informativa_2022_acuiferos_bfc9dad7,ficha_mar24_acuiferos_8089fbba,near,0.970,4b2357578856b93870851f9be9ca179ac6e984748840f0b05dcdb003f25f8a25
ficha_informativa_2022_acuiferos_bfc9dad7,ficha_mar24_acuiferos_8089fbba,near,0.959,7145ac09c69b2f61e1887f905a7044519921966efc5e3318df0c720924f3e9c6
ficha_incidencia_delictiva_costa_sierra_occident_c447e470,ficha_incidencia_delictiva_costa_sierra_occident_c447e470,exact,1.000,ef1c545e979a9f110c270861ced7741198faea58e17da68d59d5fcfcdb86dae1
ficha_incidencia_delictiva_costa_sierra_occident_c447e470,ficha_incidencia_delictiva_costa_sierra_occident_c447e470,exact,1.000,ef1c545e979a9f110c270861ced7741198faea58e17da68d59d5fcfcdb86dae1
ficha_incidencia_delictiva_costa_sierra_occident_c447e470,ficha_incidencia_delictiva_costa_sierra_occident_c447e470,exact,1.000,ef1c545e979a9f110c270861ced7741198faea58e17da68d59d5fcfcdb86dae1
ficha_incidencia_delictiva_costa_sierra_occident_c447e470,ficha_incidencia_delictiva_costa_sierra_occident_c447e470,exact,1.000,ef1c545e979a9f110c270861ced7741198faea58e17da68d59d5fcfcdb86dae1
ficha_incidencia_delictiva_costa_sierra_occident_c447e470,ficha_incidencia_delictiva_costa_sierra_occident_c447e470,exact,1.000,ef1c545e979a9f110c270861ced7741198faea58e17da68d59d5fcfcdb86dae1
ficha_incidencia_delictiva_costa_sierra_occident_c447e470,ficha_incidencia_delictiva_costa_sierra_occident_c447e470,exact,1.000,ef1c545e979a9f110c270861ced7741198faea58e17da68d59d5fcfcdb86dae1
ficha_incidencia_delictiva_region_jalisco_altos__90dda13b,ficha_incidencia_delictiva_costa_sierra_occident_c447e470,near,0.949,a048b4b9e8892541b279faaab499cee0c703f4867abb69696298713bb7f20ad5
ficha_incidencia_delictiva_region_jalisco_altos__90dda13b,ficha_incidencia_delictiva_costa_sierra_occident_c447e470,exact,1.000,6023e9c89813fad4ea02485fc06009d3bcc179962f73e100e6c0a4718c0a06be
ficha_incidencia_delictiva_region_jalisco_altos__90dda13b,ficha_incidencia_delictiva_costa_sierra_occident_c447e470,exact,1.000,ef1c545e979a9f110c270861ced7741198faea58e17da68d59d5fcfcdb86dae1
ficha_incidencia_delictiva_region_jalisco_altos__90dda13b,ficha_incidencia_delictiva_costa_sierra_occident_c447e470,near,0.996,ea894a3939978a2c3e3da5b11b292188674aa3c9d7bd02d38ea290ed7c783dfa
ficha_incidencia_delictiva_region_jalisco_altos__90dda13b,ficha_incidencia_delictiva_costa_sierra_occident_c447e470,exact,1.000,ef1c545e979a9f110c270861ced7741198faea58e17da68d59d5fcfcdb86dae1
ficha_incidencia_delictiva_region_jalisco_altos__90dda13b,ficha_incidencia_delictiva_costa_sierra_occident_c447e470,exact,1.000,ef1c545e979a9f110c270861ced7741198faea58e17da68d59d5fcfcdb86dae1
ficha_incidencia_delictiva_region_jalisco_altos__90dda13b,ficha_incidencia_delictiva_costa_sierra_occident_c447e470,exact,1.000,ef1c545e979a9f110c270861ced7741198faea58e17da68d59d5fcfcdb86dae1
ficha_incidencia_delictiva_region_jalisco_altos__90dda13b,ficha_incidencia_delictiva_costa_sierra_occident_c447e470,exact,1.000,ef1c545e979a9f110c270861ced7741198faea58e17da68d59d5fcfcdb86dae1
ficha_incidencia_delictiva_region_jalisco_altos__90dda13b,ficha_incidencia_delictiva_costa_sierra_occident_c447e470,exact,1.000,ef1c545e979a9f110c270861ced7741198faea58e17da68d59d5fcfcdb86dae1
ficha_incidencia_delictiva_region_jalisco_altos__90dda13b,ficha_incidencia_delictiva_costa_sierra_occident_c447e470,exact,1.000,ef1c545e979a9f110c270861ced7741198faea58e17da68d59d5fcfcdb86dae1
ficha_incidencia_delictiva_region_jalisco_altos__90dda13b,ficha_incidencia_delictiva_costa_sierra_occident_c447e470,exact,1.000,ef1c545e979a9f110c270861ced7741198faea58e17da68d59d5fcfcdb86dae1
ficha_incidencia_delictiva_region_jalisco_altos__90dda13b,ficha_incidencia_delictiva_costa_sierra_occident_c447e470,exact,1.000,ef1c545e979a9f110c270861ced7741198faea58e17da68d59d5fcfcdb86dae1
ficha_incidencia_delictiva_region_jalisco_altos__90dda13b,ficha_incidencia_delictiva_costa_sierra_occident_c447e470,near,0.998,58fd5f4b8b204e1439d9fd48cdd7d30ef9e897ef6813186ec0177ebd26c564a6
ficha_incidencia_delictiva_region_jalisco_altos__90dda13b,ficha_incidencia_delictiva_costa_sierra_occident_c447e470,exact,1.000,ef1c545e979a9f110c270861ced7741198faea58e17da68d59d5fcfcdb86dae1
ficha_incidencia_delictiva_region_jalisco_altos__90dda13b,ficha_incidencia_delictiva_costa_sierra_occident_c447e470,exact,1.000,ef1c545e979a9f110c270861ced7741198faea58e17da68d59d5fcfcdb86dae1
ficha_incidencia_delictiva_region_jalisco_altos__90dda13b,ficha_incidencia_delictiva_costa_sierra_occident_c447e470,exact,1.000,ef1c545e979a9f110c270861ced7741198faea58e17da68d59d5fcfcdb86dae1
ficha_incidencia_delicitiva_jalisco_region_valle_1ce40ebc,ficha_incidencia_delictiva_costa_sierra_occident_c447e470,near,0.955,bb8ab18042dc6dbeab0917dfddfcafcc260ec5a52420ae067abb3d92daf75fb2
ficha_incidencia_delicitiva_jalisco_region_valle_1ce40ebc,ficha_incidencia_delictiva_costa_sierra_occident_c447e470,exact,1.000,6023e9c89813fad4ea02485fc06009d3bcc179962f73e100e6c0a4718c0a06be
ficha_incidencia_delicitiva_jalisco_region_valle_1ce40ebc,ficha_incidencia_delictiva_region_jalisco_altos__90dda13b,near,0.959,0ef29bb941c1c2d84a2bacd1a2fb4a2e4cc5ce636635a5acb7e9b2917e76a641
ficha_incidencia_delicitiva_jalisco_region_valle_1ce40ebc,ficha_incidencia_delictiva_region_jalisco_altos__90dda13b,near,0.946,16b0dcde6f4bb00bbe27e622606552395cb200166f72998043943640f26673bc
ficha_incidencia_delicitiva_jalisco_region_valle_1ce40ebc,ficha_incidencia_delictiva_costa_sierra_occident_c447e470,near,0.996,ea894a3939978a2c3e3da5b11b292188674aa3c9d7bd02d38ea290ed7c783dfa
ficha_incidencia_delicitiva_jalisco_region_valle_1ce40ebc,ficha_incidencia_delictiva_costa_sierra_occident_c447e470,exact,1.000,ef1c545e979a9f110c270861ced7741198faea58e17da68d59d5fcfcdb86dae1
ficha_incidencia_delicitiva_jalisco_region_valle_1ce40ebc,ficha_incidencia_delictiva_costa_sierra_occident_c447e470,exact,1.000,ef1c545e979a9f110c270861ced7741198faea58e17da68d59d5fcfcdb86dae1
ficha_incidencia_delicitiva_jalisco_region_valle_1ce40ebc,ficha_incidencia_delictiva_costa_sierra_occident_c447e470,exact,1.000,ef1c545e979a9f110c270861ced7741198faea58e17da68d59d5fcfcdb86dae1
ficha_incidencia_delicitiva_jalisco_region_valle_1ce40ebc,ficha_incidencia_delictiva_costa_sierra_occident_c447e470,exact,1.000,ef1c545e979a9f110c270861ced7741198faea58e17da68d59d5fcfcdb86dae1
ficha_incidencia_delicitiva_jalisco_region_valle_1ce40ebc,ficha_incidencia_delictiva_costa_sierra_occident_c447e470,exact,1.000,ef1c545e979a9f110c270861ced7741198faea58e17da68d59d5fcfcdb86dae1
ficha_incidencia_delicitiva_jalisco_region_valle_1ce40ebc,ficha_incidencia_delictiva_costa_sierra_occident_c447e470,exact,1.000,ef1c545e979a9f110c270861ced7741198faea58e17da68d59d5fcfcdb86dae1
ficha_incidencia_delicitiva_jalisco_region_valle_1ce40ebc,ficha_incidencia_delictiva_costa_sierra_occident_c447e470,exact,1.000,ef1c545e979a9f110c270861ced7741198faea58e17da68d59d5fcfcdb86dae1
ficha_incidencia_delicitiva_jalisco_region_valle_1ce40ebc,ficha_incidencia_delictiva_costa_sierra_occident_c447e470,exact,1.000,ef1c545e979a9f110c270861ced7741198faea58e17da68d59d5fcfcdb86dae1
ficha_incidencia_delicitiva_jalisco_region_valle_1ce40ebc,ficha_incidencia_delictiva_costa_sierra_occident_c447e470,exact,1.000,ef1c545e979a9f110c270861ced7741198faea58e17da68d59d5fcfcdb86dae1
ficha_incidencia_delicitiva_jalisco_region_valle_1ce40ebc,ficha_incidencia_delictiva_costa_sierra_occident_c447e470,exact,1.000,ef1c545e979a9f110c270861ced7741198faea58e17da68d59d5fcfcdb86dae1
ficha_incidencia_delicitiva_jalisco_region_valle_1ce40ebc,ficha_incidencia_delictiva_costa_sierra_occident_c447e470,exact,1.000,ef1c545e979a9f110c270861ced7741198faea58e17da68d59d5fcfcdb86dae1
ficha_incidencia_delicitiva_jalisco_region_valle_1ce40ebc,ficha_incidencia_delictiva_costa_sierra_occident_c447e470,exact,1.000,ef1c545e979a9f110c270861ced7741198faea58e17da68d59d5fcfcdb86dae1
incidencia_delictiva_region_norte_enero_diciembr_bf590e78,ficha_incidencia_delictiva_costa_sierra_occident_c447e470,near,0.956,bc4b07c0c356ad7b149d3889c4072237fce761ae4159d0618d759804b476d62c
incidencia_delictiva_region_norte_enero_diciembr_bf590e78,ficha_incidencia_delictiva_costa_sierra_occident_c447e470,exact,1.000,6023e9c89813fad4ea02485fc06009d3bcc179962f73e100e6c0a4718c0a06be
incidencia_delictiva_region_norte_enero_diciembr_bf590e78,ficha_incidencia_delictiva_costa_sierra_occident_c447e470,near,0.996,ea894a3939978a2c3e3da5b11b292188674aa3c9d7bd02d38ea290ed7c783dfa
incidencia_delictiva_region_norte_enero_diciembr_bf590e78,ficha_incidencia_delictiva_costa_sierra_occident_c447e470,exact,1.000,ef1c545e979a9f110c270861ced7741198faea58e17da68d59d5fcfcdb86dae1
incidencia_delictiva_region_norte_enero_diciembr_bf590e78,ficha_incidencia_delictiva_costa_sierra_occident_c447e470,exact,1.000,ef1c545e979a9f110c270861ced7741198faea58e17da68d59d5fcfcdb86dae1
incidencia_delictiva_region_norte_enero_diciembr_bf590e78,ficha_incidencia_delictiva_costa_sierra_occident_c447e470,exact,1.000,ef1c545e979a9f110c270861ced7741198faea58e17da68d59d5fcfcdb86dae1
incidencia_delictiva_region_norte_enero_diciembr_bf590e78,ficha_incidencia_delictiva_costa_sierra_occident_c447e470,exact,1.000,ef1c545e979a9f110c270861ced7741198faea58e17da68d59d5fcfcdb86dae1
incidencia_delictiva_region_norte_enero_diciembr_bf590e78,ficha_incidencia_delictiva_costa_sierra_occident_c447e470,exact,1.000,ef1c545e979a9f110c270861ced7741198faea58e17da68d59d5fcfcdb86dae1
incidencia_delictiva_region_norte_enero_diciembr_bf590e78,ficha_incidencia_delictiva_costa_sierra_occident_c447e470,exact,1.000,ef1c545e979a9f110c270861ced7741198faea58e17da68d59d5fcfcdb86dae1
incidencia_delictiva_region_norte_enero_diciembr_bf590e78,ficha_incidencia_delictiva_costa_sierra_occident_c447e470,exact,1.000,ef1c545e979a9f110c270861ced7741198faea58e17da68d59d5fcfcdb86dae1
incidencia_delictiva_region_norte_enero_diciembr_bf590e78,ficha_incidencia_delictiva_costa_sierra_occident_c447e470,exact,1.000,ef1c545e979a9f110c270861ced7741198faea58e17da68d59d5fcfcdb86dae1
incidencia_delictiva_region_norte_enero_diciembr_bf590e78,ficha_incidencia_delictiva_costa_sierra_occident_c447e470,exact,1.000,ef1c545e979a9f110c270861ced7741198faea58e17da68d59d5fcfcdb86dae1
incidencia_costa_sur_sep24_bc759314,ficha_incidencia_delictiva_costa_sierra_occident_c447e470,near,0.964,1fb5c57a6ec2cf6107f165d7d7e13afec6d0ec6ab7eab3a955eae029f6306fac
incidencia_costa_sur_sep24_bc759314,ficha_incidencia_delictiva_costa_sierra_occident_c447e470,exact,1.000,6023e9c89813fad4ea02485fc06009d3bcc179962f73e100e6c0a4718c0a06be
incidencia_costa_sur_sep24_bc759314,ficha_incidencia_delictiva_costa_sierra_occident_c447e470,near,0.996,ea894a3939978a2c3e3da5b11b292188674aa3c9d7bd02d38ea290ed7c783dfa
incidencia_costa_sur_sep24_bc759314,ficha_incidencia_delictiva_costa_sierra_occident_c447e470,exact,1.000,ef1c545e979a9f110c270861ced7741198faea58e17da68d59d5fcfcdb86dae1
incidencia_costa_sur_sep24_bc759314,ficha_incidencia_delictiva_costa_sierra_occident_c447e470,exact,1.000,ef1c545e979a9f110c270861ced7741198faea58e17da68d59d5fcfcdb86dae1
incidencia_costa_sur_sep24_bc759314,ficha_incidencia_delictiva_costa_sierra_occident_c447e470,exact,1.000,ef1c545e979a9f110c270861ced7741198faea58e17da68d59d5fcfcdb86dae1
incidencia_costa_sur_sep24_bc759314,ficha_incidencia_delictiva_costa_sierra_occident_c447e470,exact,1.000,ef1c545e979a9f110c270861ced7741198faea58e17da68d59d5fcfcdb86dae1
incidencia_costa_sur_sep24_bc759314,ficha_incidencia_delictiva_costa_sierra_occident_c447e470,exact,1.000,ef1c545e979a9f110c270861ced7741198faea58e17da68d59d5fcfcdb86dae1
incidencia_costa_sur_sep24_bc759314,ficha_incidencia_delictiva_costa_sierra_occident_c447e470,exact,1.000,ef1c545e979a9f110c270861ced7741198faea58e17da68d59d5fcfcdb86dae1
incidencia_altos_sur_jun24_aaed0e6b,ficha_incidencia_delictiva_costa_sierra_occident_c447e470,near,0.949,a048b4b9e8892541b279faaab499cee0c703f4867abb69696298713bb7f20ad5
incidencia_altos_sur_jun24_aaed0e6b,ficha_incidencia_delictiva_costa_sierra_occident_c447e470,exact,1.000,6023e9c89813fad4ea02485fc06009d3bcc179962f73e100e6c0a4718c0a06be
incidencia_altos_sur_jun24_aaed0e6b,ficha_incidencia_delictiva_region_jalisco_altos__90dda13b,near,0.993,346bb70e8e147dcecf6afa3d776fc746e5233a12394d947077932d914b5b4565
incidencia_altos_sur_jun24_aaed0e6b,ficha_incidencia_delictiva_region_jalisco_altos__90dda13b,near,0.957,0043de5f0fc6d5d9d66a8df8916e90b0a8887cf2d6ebedd38fffeb8558ffba8a
incidencia_altos_sur_jun24_aaed0e6b,ficha_incidencia_delictiva_costa_sierra_occident_c447e470,exact,1.000,ef1c545e979a9f110c270861ced7741198faea58e17da68d59d5fcfcdb86dae1
incidencia_altos_sur_jun24_aaed0e6b,ficha_incidencia_delictiva_region_jalisco_altos__90dda13b,near,0.945,0024b08cb0777e0ad447259e7e670a0aecc52b1382ef9765109f8bbb0d3299dc
incidencia_altos_sur_jun24_aaed0e6b,ficha_incidencia_delictiva_costa_sierra_occident_c447e470,near,0.996,16bbe8dff494695cb69ff9dc39f1e76f5272df3225062d8f722523c712fe30b7
incidencia_altos_sur_jun24_aaed0e6b,ficha_incidencia_delictiva_costa_sierra_occident_c447e470,exact,1.000,ef1c545e979a9f110c270861ced7741198faea58e17da68d59d5fcfcdb86dae1
incidencia_altos_sur_jun24_aaed0e6b,ficha_incidencia_delictiva_costa_sierra_occident_c447e470,exact,1.000,ef1c545e979a9f110c270861ced7741198faea58e17da68d59d5fcfcdb86dae1
incidencia_altos_sur_jun24_aaed0e6b,ficha_incidencia_delictiva_costa_sierra_occident_c447e470,exact,1.000,ef1c545e979a9f110c270861ced7741198faea58e17da68d59d5fcfcdb86dae1
incidencia_altos_sur_jun24_aaed0e6b,ficha_incidencia_delictiva_costa_sierra_occident_c447e470,exact,1.000,ef1c545e979a9f110c270861ced7741198faea58e17da68d59d5fcfcdb86dae1
incidencia_altos_sur_jun24_aaed0e6b,ficha_incidencia_delictiva_region_jalisco_altos__90dda13b,near,0.971,41538c7b45fee7a79bd70a3dc46bbe7d3a8881b6ab933497114c3449e10ca57e
incidencia_altos_sur_jun24_aaed0e6b,ficha_incidencia_delictiva_costa_sierra_occident_c447e470,exact,1.000,ef1c545e979a9f110c270861ced7741198faea58e17da68d59d5fcfcdb86dae1
incidencia_altos_sur_jun24_aaed0e6b,ficha_incidencia_delictiva_costa_sierra_occident_c447e470,exact,1.000,ef1c545e979a9f110c270861ced7741198faea58e17da68d59d5fcfcdb86dae1
incidencia_altos_sur_jun24_aaed0e6b,ficha_incidencia_delictiva_costa_sierra_occident_c447e470,exact,1.000,ef1c545e979a9f110c270861ced7741198faea58e17da68d59d5fcfcdb86dae1
incidencia_altos_sur_jun24_aaed0e6b,ficha_incidencia_delictiva_costa_sierra_occident_c447e470,exact,1.000,ef1c545e979a9f110c270861ced7741198faea58e17da68d59d5fcfcdb86dae1
incidencia_altos_sur_jun24_aaed0e6b,ficha_incidencia_delictiva_costa_sierra_occident_c447e470,near,0.942,59cf847de020508179fcf7a05d31f401827fe3bc75aa80ab9de9c916d071fdb1
incidencia_altos_sur_jun24_aaed0e6b,ficha_incidencia_delictiva_costa_sierra_occident_c447e470,near,0.970,7f26629953eb5cbd08491ff2e40a429c22bd60dadef02aeaf7cc659fd1d256b3
incidencia_sur_feb24_4f26542a,ficha_incidencia_delictiva_costa_sierra_occident_c447e470,near,0.960,a8648280a582a927821bb51b8876c6f5153087b893409af1d0bb4edf164bf047
incidencia_sur_feb24_4f26542a,ficha_incidencia_delictiva_costa_sierra_occident_c447e470,exact,1.000,6023e9c89813fad4ea02485fc06009d3bcc179962f73e100e6c0a4718c0a06be
incidencia_sur_feb24_4f26542a,ficha_incidencia_delictiva_costa_sierra_occident_c447e470,near,0.996,16bbe8dff494695cb69ff9dc39f1e76f5272df3225062d8f722523c712fe30b7
incidencia_sur_feb24_4f26542a,ficha_incidencia_delictiva_costa_sierra_occident_c447e470,exact,1.000,ef1c545e979a9f110c270861ced7741198faea58e17da68d59d5fcfcdb86dae1
incidencia_sur_feb24_4f26542a,ficha_incidencia_delictiva_costa_sierra_occident_c447e470,exact,1.000,ef1c545e979a9f110c270861ced7741198faea58e17da68d59d5fcfcdb86dae1
incidencia_sur_feb24_4f26542a,ficha_incidencia_delictiva_costa_sierra_occident_c447e470,exact,1.000,ef1c545e979a9f110c270861ced7741198faea58e17da68d59d5fcfcdb86dae1
incidencia_sur_feb24_4f26542a,ficha_incidencia_delictiva_costa_sierra_occident_c447e470,exact,1.000,ef1c545e979a9f110c270861ced7741198faea58e17da68d59d5fcfcdb86dae1
incidencia_sur_feb24_4f26542a,ficha_incidencia_delictiva_costa_sierra_occident_c447e470,exact,1.000,ef1c545e979a9f110c270861ced7741198faea58e17da68d59d5fcfcdb86dae1
incidencia_sur_feb24_4f26542a,ficha_incidencia_delictiva_costa_sierra_occident_c447e470,exact,1.000,ef1c545e979a9f110c270861ced7741198faea58e17da68d59d5fcfcdb86dae1
incidencia_sur_feb24_4f26542a,ficha_incidencia_delictiva_costa_sierra_occident_c447e470,exact,1.000,ef1c545e979a9f110c270861ced7741198faea58e17da68d59d5fcfcdb86dae1
incidencia_sur_feb24_4f26542a,ficha_incidencia_delictiva_costa_sierra_occident_c447e470,exact,1.000,ef1c545e979a9f110c270861ced7741198faea58e17da68d59d5fcfcdb86dae1
incidencia_sur_feb24_4f26542a,ficha_incidencia_delictiva_costa_sierra_occident_c447e470,exact,1.000,ef1c545e979a9f110c270861ced7741198faea58e17da68d59d5fcfcdb86dae1
incidencia_sur_feb24_4f26542a,ficha_incidencia_delictiva_costa_sierra_occident_c447e470,exact,1.000,ef1c545e979a9f110c270861ced7741198faea58e17da68d59d5fcfcdb86dae1
incidencia_sur_feb24_4f26542a,ficha_incidencia_delictiva_costa_sierra_occident_c447e470,exact,1.000,ef1c545e979a9f110c270861ced7741198faea58e17da68d59d5fcfcdb86dae1
incidencia_sur_feb24_4f26542a,ficha_incidencia_delictiva_costa_sierra_occident_c447e470,exact,1.000,ef1c545e979a9f110c270861ced7741198faea58e17da68d59d5fcfcdb86dae1
incidencia_norte_4bb625c8,ficha_incidencia_delictiva_costa_sierra_occident_c447e470,near,0.956,bc4b07c0c356ad7b149d3889c4072237fce761ae4159d0618d759804b476d62c
incidencia_norte_4bb625c8,ficha_incidencia_delictiva_costa_sierra_occident_c447e470,exact,1.000,6023e9c89813fad4ea02485fc06009d3bcc179962f73e100e6c0a4718c0a06be
incidencia_norte_4bb625c8,incidencia_delictiva_region_norte_enero_diciembr_bf590e78,near,0.997,4dc72156f3baa8d1acbd2a298acb08e903086adcfea839713f0406890d045814
incidencia_norte_4bb625c8,incidencia_delictiva_region_norte_enero_diciembr_bf590e78,near,0.960,079d8ff5274e673582bb0c38a4f576b8b18e6a925534a327cbb9c8373781d9a7
incidencia_norte_4bb625c8,ficha_incidencia_delictiva_costa_sierra_occident_c447e470,near,0.996,16bbe8dff494695cb69ff9dc39f1e76f5272df3225062d8f722523c712fe30b7
incidencia_norte_4bb625c8,ficha_incidencia_delictiva_costa_sierra_occident_c447e470,exact,1.000,ef1c545e979a9f110c270861ced7741198faea58e17da68d59d5fcfcdb86dae1
incidencia_norte_4bb625c8,ficha_incidencia_delictiva_costa_sierra_occident_c447e470,exact,1.000,ef1c545e979a9f110c270861ced7741198faea58e17da68d59d5fcfcdb86dae1
incidencia_norte_4bb625c8,ficha_incidencia_delictiva_costa_sierra_occident_c447e470,exact,1.000,ef1c545e979a9f110c270861ced7741198faea58e17da68d59d5fcfcdb86dae1
incidencia_norte_4bb625c8,ficha_incidencia_delictiva_costa_sierra_occident_c447e470,exact,1.000,ef1c545e979a9f110c270861ced7741198faea58e17da68d59d5fcfcdb86dae1
incidencia_norte_4bb625c8,ficha_incidencia_delictiva_costa_sierra_occident_c447e470,exact,1.000,ef1c545e979a9f110c270861ced7741198faea58e17da68d59d5fcfcdb86dae1
incidencia_norte_4bb625c8,ficha_incidencia_delictiva_costa_sierra_occident_c447e470,exact,1.000,ef1c545e979a9f110c270861ced7741198faea58e17da68d59d5fcfcdb86dae1
incidencia_norte_4bb625c8,ficha_incidencia_delictiva_costa_sierra_occident_c447e470,exact,1.000,ef1c545e979a9f110c270861ced7741198faea58e17da68d59d5fcfcdb86dae1
incidencia_norte_4bb625c8,ficha_incidencia_delictiva_costa_sierra_occident_c447e470,exact,1.000,ef1c545e979a9f110c270861ced7741198faea58e17da68d59d5fcfcdb86dae1
incidencia_norte_4bb625c8,ficha_incidencia_delictiva_costa_sierra_occident_c447e470,exact,1.000,ef1c545e979a9f110c270861ced7741198faea58e17da68d59d5fcfcdb86dae1
incidencia_costa_sur_sep23_c556096a,ficha_incidencia_delictiva_costa_sierra_occident_c447e470,near,0.964,1fb5c57a6ec2cf6107f165d7d7e13afec6d0ec6ab7eab3a955eae029f6306fac
incidencia_costa_sur_sep23_c556096a,ficha_incidencia_delictiva_costa_sierra_occident_c447e470,exact,1.000,6023e9c89813fad4ea02485fc06009d3bcc179962f73e100e6c0a4718c0a06be
incidencia_costa_sur_sep23_c556096a,incidencia_costa_sur_sep24_bc759314,near,0.993,ca97331e691da0393297b76c0b82ca71c251e62f1424196d5a27efa5a9be0f1b
incidencia_costa_sur_sep23_c556096a,incidencia_costa_sur_sep24_bc759314,near,0.963,c8ff8e28f57aec56652f3835c07f7ee16115c8bb3e0067a0336a0e62b95d70a3
incidencia_costa_sur_sep23_c556096a,incidencia_costa_sur_sep24_bc759314,near,0.951,39ba35c2d032e6e86bd163ba9b87baae1b309e459cbc8504738d3e59a0169054
incidencia_costa_sur_sep23_c556096a,incidencia_costa_sur_sep24_bc759314,near,0.954,d3d527073e25386768c75fa32125c5436f58b9af3d6a456d4f6b0f5d762524d6
incidencia_costa_sur_sep23_c556096a,incidencia_costa_sur_sep24_bc759314,near,0.959,fb1c03dd88006bfc4c45392823de086bd9debd5c81d2e4dc5231732afc21e0ce
incidencia_costa_sur_sep23_c556096a,ficha_incidencia_delictiva_costa_sierra_occident_c447e470,near,0.996,16bbe8dff494695cb69ff9dc39f1e76f5272df3225062d8f722523c712fe30b7
incidencia_costa_sur_sep23_c556096a,ficha_incidencia_delictiva_costa_sierra_occident_c447e470,exact,1.000,ef1c545e979a9f110c270861ced7741198faea58e17da68d59d5fcfcdb86dae1
incidencia_costa_sur_sep23_c556096a,ficha_incidencia_delictiva_costa_sierra_occident_c447e470,exact,1.000,ef1c545e979a9f110c270861ced7741198faea58e17da68d59d5fcfcdb86dae1
incidencia_costa_sur_sep23_c556096a,ficha_incidencia_delictiva_costa_sierra_occident_c447e470,exact,1.000,ef1c545e979a9f110c270861ced7741198faea58e17da68d59d5fcfcdb86dae1
incidencia_costa_sur_sep23_c556096a,ficha_incidencia_delictiva_costa_sierra_occident_c447e470,exact,1.000,ef1c545e979a9f110c270861ced7741198faea58e17da68d59d5fcfcdb86dae1
incidencia_costa_sur_sep23_c556096a,ficha_incidencia_delictiva_costa_sierra_occident_c447e470,exact,1.000,ef1c545e979a9f110c270861ced7741198faea58e17da68d59d5fcfcdb86dae1
incidencia_costa_sur_sep23_c556096a,ficha_incidencia_delictiva_costa_sierra_occident_c447e470,exact,1.000,ef1c545e979a9f110c270861ced7741198faea58e17da68d59d5fcfcdb86dae1
incidencia_altos_norte_may23_a4e73563,ficha_incidencia_delictiva_costa_sierra_occident_c447e470,near,0.946,77b31ea9c7dd5525e767609b1b9d7731396d714677073c76c31df19b4e4dea46
incidencia_altos_norte_may23_a4e73563,ficha_incidencia_delictiva_costa_sierra_occident_c447e470,exact,1.000,6023e9c89813fad4ea02485fc06009d3bcc179962f73e100e6c0a4718c0a06be
incidencia_altos_norte_may23_a4e73563,ficha_incidencia_delictiva_region_jalisco_altos__90dda13b,near,0.944,72fe45e5fbfcb944e695bc3f596bcef95521058458a29fce5c11c4138da20bb2
incidencia_altos_norte_may23_a4e73563,ficha_incidencia_delictiva_costa_sierra_occident_c447e470,near,0.996,979e183fba332c75f549ae231edea74a41014ced1ea0b8888c1cd3cc3628df13
incidencia_altos_norte_may23_a4e73563,ficha_incidencia_delictiva_costa_sierra_occident_c447e470,exact,1.000,ef1c545e979a9f110c270861ced7741198faea58e17da68d59d5fcfcdb86dae1
incidencia_altos_norte_may23_a4e73563,ficha_incidencia_delictiva_costa_sierra_occident_c447e470,exact,1.000,ef1c545e979a9f110c270861ced7741198faea58e17da68d59d5fcfcdb86dae1
incidencia_altos_norte_may23_a4e73563,ficha_incidencia_delictiva_costa_sierra_occident_c447e470,exact,1.000,ef1c545e979a9f110c270861ced7741198faea58e17da68d59d5fcfcdb86dae1
incidencia_altos_norte_may23_a4e73563,ficha_incidencia_delictiva_costa_sierra_occident_c447e470,exact,1.000,ef1c545e979a9f110c270861ced7741198faea58e17da68d59d5fcfcdb86dae1
incidencia_altos_norte_may23_a4e73563,ficha_incidencia_delictiva_costa_sierra_occident_c447e470,exact,1.000,ef1c545e979a9f110c270861ced7741198faea58e17da68d59d5fcfcdb86dae1
incidencia_altos_norte_may23_a4e73563,ficha_incidencia_delictiva_costa_sierra_occident_c447e470,exact,1.000,ef1c545e979a9f110c270861ced7741198faea58e17da68d59d5fcfcdb86dae1
incidencia_altos_norte_may23_a4e73563,ficha_incidencia_delictiva_costa_sierra_occident_c447e470,exact,1.000,ef1c545e979a9f110c270861ced7741198faea58e17da68d59d5fcfcdb86dae1
incidencia_altos_norte_may23_a4e73563,ficha_incidencia_delictiva_costa_sierra_occident_c447e470,exact,1.000,ef1c545e979a9f110c270861ced7741198faea58e17da68d59d5fcfcdb86dae1
incidencia_sureste_mar23_7efdef55,ficha_incidencia_delictiva_costa_sierra_occident_c447e470,near,0.957,6adf859c73966ae595a22ab384526d18f7da30028b0810214469fe3917252ffe
incidencia_sureste_mar23_7efdef55,ficha_incidencia_delictiva_costa_sierra_occident_c447e470,exact,1.000,6023e9c89813fad4ea02485fc06009d3bcc179962f73e100e6c0a4718c0a06be
incidencia_sureste_mar23_7efdef55,incidencia_sur_feb24_4f26542a,near,0.945,ade56f565cdb5bdce620b7cc231204020958fafa2637255f503989e04dd76fdf
incidencia_sureste_mar23_7efdef55,ficha_incidencia_delictiva_costa_sierra_occident_c447e470,near,0.996,979e183fba332c75f549ae231edea74a41014ced1ea0b8888c1cd3cc3628df13
incidencia_sureste_mar23_7efdef55,ficha_incidencia_delictiva_costa_sierra_occident_c447e470,exact,1.000,ef1c545e979a9f110c270861ced7741198faea58e17da68d59d5fcfcdb86dae1
incidencia_sureste_mar23_7efdef55,ficha_incidencia_delictiva_costa_sierra_occident_c447e470,exact,1.000,ef1c545e979a9f110c270861ced7741198faea58e17da68d59d5fcfcdb86dae1
incidencia_sureste_mar23_7efdef55,ficha_incidencia_delictiva_costa_sierra_occident_c447e470,exact,1.000,ef1c545e979a9f110c270861ced7741198faea58e17da68d59d5fcfcdb86dae1
incidencia_sureste_mar23_7efdef55,ficha_incidencia_delictiva_costa_sierra_occident_c447e470,exact,1.000,ef1c545e979a9f110c270861ced7741198faea58e17da68d59d5fcfcdb86dae1
incidencia_sureste_mar23_7efdef55,ficha_incidencia_delictiva_costa_sierra_occident_c447e470,exact,1.000,ef1c545e979a9f110c270861ced7741198faea58e17da68d59d5fcfcdb86dae1
incidencia_sureste_mar23_7efdef55,ficha_incidencia_delictiva_costa_sierra_occident_c447e470,exact,1.000,ef1c545e979a9f110c270861ced7741198faea58e17da68d59d5fcfcdb86dae1
incidencia_sureste_mar23_7efdef55,ficha_incidencia_delictiva_costa_sierra_occident_c447e470,exact,1.000,ef1c545e979a9f110c270861ced7741198faea58e17da68d59d5fcfcdb86dae1
incidencia_sureste_mar23_7efdef55,ficha_incidencia_delictiva_costa_sierra_occident_c447e470,exact,1.000,ef1c545e979a9f110c270861ced7741198faea58e17da68d59d5fcfcdb86dae1
incidencia_sureste_mar23_7efdef55,ficha_incidencia_delictiva_costa_sierra_occident_c447e470,exact,1.000,ef1c545e979a9f110c270861ced7741198faea58e17da68d59d5fcfcdb86dae1
incidencia_sureste_mar23_7efdef55,ficha_incidencia_delictiva_costa_sierra_occident_c447e470,exact,1.000,ef1c545e979a9f110c270861ced7741198faea58e17da68d59d5fcfcdb86dae1
incidencia_norte_ene23_1ce4b0e5,ficha_incidencia_delictiva_costa_sierra_occident_c447e470,near,0.956,bc4b07c0c356ad7b149d3889c4072237fce761ae4159d0618d759804b476d62c
incidencia_norte_ene23_1ce4b0e5,ficha_incidencia_delictiva_costa_sierra_occident_c447e470,exact,1.000,6023e9c89813fad4ea02485fc06009d3bcc179962f73e100e6c0a4718c0a06be
incidencia_norte_ene23_1ce4b0e5,incidencia_delictiva_region_norte_enero_diciembr_bf590e78,near,0.997,9a630ef4566394f6fe96a39c9a24be842c1490808dddfd7142ac42cf649ce6a0
incidencia_norte_ene23_1ce4b0e5,incidencia_delictiva_region_norte_enero_diciembr_bf590e78,near,0.961,663b00b37a72ff9652ededff164443558d0ea2317ad609cb123f17559e5969f2
incidencia_norte_ene23_1ce4b0e5,ficha_incidencia_delictiva_costa_sierra_occident_c447e470,near,0.996,979e183fba332c75f549ae231edea74a41014ced1ea0b8888c1cd3cc3628df13
incidencia_norte_ene23_1ce4b0e5,ficha_incidencia_delictiva_costa_sierra_occident_c447e470,exact,1.000,ef1c545e979a9f110c270861ced7741198faea58e17da68d59d5fcfcdb86dae1
incidencia_norte_ene23_1ce4b0e5,ficha_incidencia_delictiva_costa_sierra_occident_c447e470,exact,1.000,ef1c545e979a9f110c270861ced7741198faea58e17da68d59d5fcfcdb86dae1
incidencia_norte_ene23_1ce4b0e5,ficha_incidencia_delictiva_costa_sierra_occident_c447e470,exact,1.000,ef1c545e979a9f110c270861ced7741198faea58e17da68d59d5fcfcdb86dae1
incidencia_norte_ene23_1ce4b0e5,ficha_incidencia_delictiva_costa_sierra_occident_c447e470,exact,1.000,ef1c545e979a9f110c270861ced7741198faea58e17da68d59d5fcfcdb86dae1
incidencia_norte_ene23_1ce4b0e5,incidencia_delictiva_region_norte_enero_diciembr_bf590e78,near,0.946,01a6d1f361b910d284e31c81b758bb7b6a41faf2498aea8aeea5b94d0a1a428a
incidencia_norte_ene23_1ce4b0e5,incidencia_delictiva_region_norte_enero_diciembr_bf590e78,exact,1.000,5b9b76194a40d7279a28f3bd46b55322dedb4149624cac5c279fcf1742a3ac9a
incidencia_norte_ene23_1ce4b0e5,ficha_incidencia_delictiva_costa_sierra_occident_c447e470,exact,1.000,ef1c545e979a9f110c270861ced7741198faea58e17da68d59d5fcfcdb86dae1
incidencia_norte_ene23_1ce4b0e5,ficha_incidencia_delictiva_costa_sierra_occident_c447e470,exact,1.000,ef1c545e979a9f110c270861ced7741198faea58e17da68d59d5fcfcdb86dae1
incidencia_norte_ene23_1ce4b0e5,ficha_incidencia_delictiva_costa_sierra_occident_c447e470,exact,1.000,ef1c545e979a9f110c270861ced7741198faea58e17da68d59d5fcfcdb86dae1
incidencia_norte_ene23_1ce4b0e5,ficha_incidencia_delictiva_costa_sierra_occident_c447e470,exact,1.000,ef1c545e979a9f110c270861ced7741198faea58e17da68d59d5fcfcdb86dae1
incidencia_norte_ene23_1ce4b0e5,ficha_incidencia_delictiva_costa_sierra_occident_c447e470,exact,1.000,ef1c545e979a9f110c270861ced7741198faea58e17da68d59d5fcfcdb86dae1
ficha_cifra_negra_2023_bfe30505,ficha_cifra_negra_2024_7e2fab8a,near,0.990,85077ecf71656815bfbc9ac346aac33ce46c9baf90d11081e72164e6063ee193
ficha_cifra_negra_2023_bfe30505,ficha_cifra_negra_2024_7e2fab8a,near,0.952,c5ecc5654196a42f0dc2b66adcb5c259e556f5baff41cafcde4712c3b8537b24
ficha_cifra_negra_2023_bfe30505,ficha_cifra_negra_2024_7e2fab8a,near,0.983,eb7c81eb077d3c73fe6de00ab5c7c599c116a555d8999bb067d0706828ae1776
atencion_a_victimas_3_076c2176,atencion_a_victimas_3_076c2176,exact,1.000,978262c3ffb421bc1c0b0ce96628b6669acbd14345d3a3d3e2b7982afa738e41
cnpje_2024_c3ccc9a9,cnpje_2024_c3ccc9a9,exact,1.000,72564132f7570d3cd31f9d9e90de2837f04645a7321bf75dc14d6088a40bf2a6
cnpje_2023_ee68d3d9,cnpje_2024_c3ccc9a9,near,0.984,2d2264eec8b84d8d7f5aaa481e09706a71adfef8f3f55adab8c451f2850be6bb
ficha_cedhj_1er_semestre2023_4b2a3ec0,ficha_cedhj_1er_semestre2024_00a6e2d0,near,0.942,a7e59240433deedccb6533e6219087b5ea55bd681b684f79a637ba21c7c12ef7
cnije_ficha_informativa_2024_9eaee024,ficha_censo_nacional_imparticion_justicia_estata_6d5e4c74,near,0.999,35ac9805a26bf3666dc43a3ff91d47f48f5b65f8a013d9b9b15106c9d0990ea9
cnije_ficha_informativa_2024_9eaee024,ficha_censo_nacional_imparticion_justicia_estata_6d5e4c74,near,0.952,36563cf2cbabe2d74e0c0dd2f4b15c5348c75af946c1968e39aca4406b8865a1
cnije_ficha_informativa_2024_9eaee024,ficha_censo_nacional_imparticion_justicia_estata_6d5e4c74,exact,1.000,6b18c03656cd64688025f57ae8f3b540721d00d2806548084385ec8fee1ecaa4
cnije_ficha_informativa_2024_9eaee024,ficha_censo_nacional_imparticion_justicia_estata_6d5e4c74,near,0.947,388b3a24f3d0d307f48d8be8aa2988139894f8b0dd3dac4e929076a2c2543bd1
cnije_ficha_informativa_2024_9eaee024,ficha_censo_nacional_imparticion_justicia_estata_6d5e4c74,near,0.975,d829a8ba880c55dbe6486171902cc8e4b7b5c8b6540f704ed35821e10017eb7b
cnije_ficha_informativa_2024_9eaee024,ficha_censo_nacional_imparticion_justicia_estata_6d5e4c74,near,0.960,c476601c9d3e94fe760f6a0d7916fd6b903bf57a9f01d0a083c639c0391bacd8
cnije_ficha_informativa_2024_9eaee024,ficha_censo_nacional_imparticion_justicia_estata_6d5e4c74,exact,1.000,82269369a1d764aa39501a12d34a77d8bbbad1825ee918b01f97d3acb3ac4871
cnije_ficha_informativa_2024_9eaee024,ficha_censo_nacional_imparticion_justicia_estata_6d5e4c74,exact,1.000,c43bfd93676003cd51b01903b741660ca7b9e8159357395c0611042826e304d8
cnije_ficha_informativa_2024_9eaee024,ficha_censo_nacional_imparticion_justicia_estata_6d5e4c74,near,0.978,c3b43b874cf4d0abbd7dacbb748ef2181a3c92e0f61fae332317e9567a5a98a9
cnije_ficha_informativa_2024_9eaee024,ficha_censo_nacional_imparticion_justicia_estata_6d5e4c74,near,0.984,d2946cd740c222821d1d094ce1ee6f340841ad909cbea1a4a2be1e3112131227
cnije_ficha_informativa_2024_9eaee024,ficha_censo_nacional_imparticion_justicia_estata_6d5e4c74,near,0.996,267dad276273a837395be38f52a3b1f277674d8a065fe449dc4e932a21805d85
cnije_ficha_informativa_2024_9eaee024,ficha_censo_nacional_imparticion_justicia_estata_6d5e4c74,exact,1.000,8004bdfedd98b3df3765d0b6b3b7003fa1e6341f3706161edc5cb7f14bf2201a
cnije_ficha_informativa_2024_9eaee024,ficha_censo_nacional_imparticion_justicia_estata_6d5e4c74,near,0.997,33f05d4f09d127784ce01f272aeb66503bc59da44ab02a1cc5877eefc2e82079
cnije_ficha_informativa_2024_9eaee024,ficha_censo_nacional_imparticion_justicia_estata_6d5e4c74,exact,1.000,0ad68f27a3e9d4d6ef4ffeb8efb02cf4afac06555fc7f8daafe15d7dc3a00c1b
cnije_ficha_informativa_2024_9eaee024,ficha_censo_nacional_imparticion_justicia_estata_6d5e4c74,near,0.970,8df770894941a0cdc11270ec09c616bc1bfcdb48b3d14297f2ba8f92627f563f
cnije_ficha_informativa_2024_9eaee024,ficha_censo_nacional_imparticion_justicia_estata_6d5e4c74,near,0.952,cce5165e769b015f6a560516bf88e94dfbc578fcf4deb9d3fb1c35677795f218
cnije_ficha_informativa_2023_d5361be0,ficha_censo_nacional_imparticion_justicia_estata_6d5e4c74,near,0.999,ae28c9cf79f465f6234486f2dfbcc3c650caa4fddab276767c575844f7ff6586
cnije_ficha_informativa_2023_d5361be0,ficha_censo_nacional_imparticion_justicia_estata_6d5e4c74,near,0.945,537cd728347db9c623f6323b3baad2c1fed51ff4c046c54659b63455945cd328
cnije_ficha_informativa_2023_d5361be0,ficha_censo_nacional_imparticion_justicia_estata_6d5e4c74,exact,1.000,6b18c03656cd64688025f57ae8f3b540721d00d2806548084385ec8fee1ecaa4
cnije_ficha_informativa_2023_d5361be0,cnije_ficha_informativa_2024_9eaee024,near,0.995,2fbb77c202cec5f664c19c244468b1ec289a6fafa6b264c60ff51ef6475427c9
cnije_ficha_informativa_2023_d5361be0,cnije_ficha_informativa_2024_9eaee024,exact,1.000,ca40d365390400e6415801da6bde31cf77b422a384ac9420c8c68394f81eaca7
cnije_ficha_informativa_2023_d5361be0,cnije_ficha_informativa_2024_9eaee024,near,0.940,acef453230ba15a9fd2d89fb48dd3cce8e1bdebf74bea4989891ef517a94af74
cnije_ficha_informativa_2023_d5361be0,ficha_censo_nacional_imparticion_justicia_estata_6d5e4c74,near,0.996,ab8882ad954b82e6831decb74fb73c71df9f18b93b109e72065c35f16117aee1
cnije_ficha_informativa_2023_d5361be0,cnije_ficha_informativa_2024_9eaee024,near,0.976,529cb4da81986e87fee2237c3a6ff020739ea2463af5e232102b89a99b73bffa
cnije_ficha_informativa_2023_d5361be0,ficha_censo_nacional_imparticion_justicia_estata_6d5e4c74,exact,1.000,8004bdfedd98b3df3765d0b6b3b7003fa1e6341f3706161edc5cb7f14bf2201a
cnije_ficha_informativa_2023_d5361be0,ficha_censo_nacional_imparticion_justicia_estata_6d5e4c74,near,0.951,ddea8ca4c6b0f5a11f00cd6022d64574759c1ea45769133fc156349257dbc7b4
ficha_informativa_accidentes_de_transito_por_cla_8a89fe45,ficha_accidentes_transito_terrestre_jalisco_2010_ad43c9cd,near,0.966,b2a307f0cb078ebbac12f73fcc683a0bd9922d8e5d6edb638c32024e14b72053
ficha_informativa_accidentes_de_transito_por_cla_8a89fe45,ficha_accidentes_transito_terrestre_jalisco_2010_ad43c9cd,near,0.944,3731dde63126627e65bba59318d0ca9f5f2e3664b5113fa6ff262f46f3905290
ficha_informativa_accidentes_de_transito_por_cla_8a89fe45,ficha_accidentes_transito_terrestre_jalisco_2010_ad43c9cd,near,0.953,c6a4d9cfcd198281f48bb8748cd57ff7d13a5bd33301cb6c34ada8c8c41e6330
ficha_informativa_accidentes_transito_2010_2022_23003b75,ficha_accidentes_transito_terrestre_jalisco_2010_ad43c9cd,near,0.950,42f67092b89941b87b4c1b08ad2fb7ab1f6db7f9c01aa750cb4e7aaf8f68ba23
